date,Year,Week,prod_3_unit_price,prod_6_unit_price,prod_8_unit_price,prod_9_unit_price,prod_11_unit_price,prod_0_unit_price,prod_4_unit_price,prod_5_unit_price,prod_10_unit_price,prod_1_unit_price,prod_7_unit_price,prod_2_unit_price,prod_15_unit_price
2020-01-12,2020,2,18.3,30.57,47.63,12.26,35.61,,,,,,,,
2020-01-19,2020,3,18.3,30.57,47.63,12.26,35.61,49.54,22.46,16.99,23.39,25.64,37.87,5.5,
2020-01-26,2020,4,19.96509959084968,26.75560902803962,44.0971593252418,18.389999999996427,48.808659545181925,49.54,22.46,16.99,23.39,25.64,37.87,5.5,
2020-02-02,2020,5,18.49619425543787,28.584653127332558,46.552754257466695,19.676336251600222,51.66975684021672,47.55854854953644,20.49810380272474,,31.935546442519673,24.47504490322713,38.60983124173426,5.06345250063178,
2020-02-09,2020,6,22.017703805515552,27.98322632803716,42.67018322693215,16.266803904039055,53.36820111987289,48.026584046682885,24.435034753810182,15.437422223274222,28.855839608293167,26.01689385058797,39.962342701935825,5.499366704137283,
2020-02-16,2020,7,21.13408330859525,28.558154418389897,37.72121609623942,,44.219597722642355,48.19334033845127,23.00648516418772,,25.80506977192861,24.071110404956023,36.85732139360954,,13.92
2020-02-23,2020,8,25.357916712545542,30.505812510102153,43.68630676823795,16.935761337270048,57.76034879286417,49.26542907003106,18.015390292752343,16.619305368371663,22.41908557187665,26.540422181018624,35.162394037483736,5.135625708936961,13.92
2020-03-01,2020,9,21.937443189317435,28.866460653642225,51.67196447449669,24.23906502833727,60.63933281626493,49.31905608516561,27.022736890958058,15.792782357446292,33.49871964678899,26.099136395403686,43.74445105157824,5.0933029564740275,16.95464277049423
2020-03-08,2020,10,23.062896216471003,28.836477955599694,46.056614098207184,21.528935782477415,53.785947912167686,48.4938165785343,28.525211129831025,17.266321904398623,29.28503128440668,27.013641296937784,43.6249774307049,5.6806220632287525,16.141665499779812
2020-03-15,2020,11,21.78231876438771,24.345864006603442,36.838397916731374,20.506188482946392,51.55810317542706,51.48896350934705,23.148285497482338,17.140115092731644,26.53949345211535,24.485685272844776,38.17092066418786,5.950658419511522,13.923275827163625
2020-03-22,2020,12,25.48602704118139,31.817641703709217,53.23427292963268,21.44843258013081,60.77202068778988,46.91843755014167,33.257096086555734,15.884361975886709,29.268428081843847,24.523010896942036,41.62574615312239,5.524693889063277,16.1615815365982
2020-03-29,2020,13,23.281001486189307,31.607219837615684,75.94273390680095,23.646231059811015,71.50707869740864,52.767936165817,34.7533582292313,15.579044012769117,40.177271818431365,23.57477408458512,44.493212197694554,5.547736916130434,19.625345953155193
2020-04-05,2020,14,23.941682766431573,33.796042934829266,68.4105811620191,22.52842106454685,61.49335246693441,48.625036891178176,32.9338407036414,17.13431897263967,35.35396215416666,24.566571186005536,47.46753119039224,5.65200418723781,17.69190337979756
2020-04-12,2020,15,23.975885077316157,33.12259562661021,60.58404062658707,20.28619076328405,55.15531057325162,59.14902997889377,40.22669162269291,16.13057429962459,32.107181244312756,23.254397185331264,46.00198791850591,5.571716121409155,16.577964639927348
2020-04-19,2020,16,23.512297171963215,36.05387085526755,72.86911598023391,20.344014075970453,54.130055753101,56.43219557007371,34.79616878157721,15.96836338897315,34.39195827695511,25.758039298857106,46.43168320576663,5.623482745468976,18.58834450526672
2020-04-26,2020,17,24.426919062953626,32.615123143244965,82.55559516845523,26.820918327438005,76.50421031989468,52.72860658747626,38.02061143399391,16.47208338815071,43.435762746610926,27.213901073567026,43.034714108743685,5.322355814151501,21.298737680088283
2020-05-03,2020,18,25.221091953997234,33.69602074495534,72.44533600843899,23.43995097838208,68.40042685586312,48.72433063503955,36.652632008001675,15.588837734510568,35.67200046160358,26.50351862691825,46.02997524529015,5.218275882274307,19.464694684813505
2020-05-10,2020,19,23.825657984589185,33.48971461644732,67.37111653056091,20.96907690356645,64.23417539073097,56.311482038294336,40.37549331631563,16.581484180324708,37.70377281945544,26.881356909233023,44.960012859558255,5.6451584264687815,17.155556997034754
2020-05-17,2020,20,21.58359721168996,36.640371802340475,84.36281580155115,24.69675489246194,61.34885617118633,61.929821712807225,43.9128821031258,21.33728149733179,35.219155928071714,24.831071247861153,49.87493094662003,5.760199842162306,20.90592325202319
2020-05-24,2020,21,26.15369182625332,37.47816842757321,80.61707129404446,32.54397634111505,87.083981017165,56.78324272477113,39.43613751876025,17.62467393738682,51.3155471733233,22.672127806283097,50.186633030721964,5.463799999269744,21.51269861111699
2020-05-31,2020,22,26.402599386017265,34.93336748512336,83.67344506956168,29.308660170196834,76.80148638566037,59.20688149894946,41.69296321173864,22.377610193406557,44.79068933025283,26.185973686375586,45.41054044836571,5.171414213154641,20.825979975993477
2020-06-07,2020,23,26.645110949065696,37.013479753934774,71.92696131179244,25.466724512467938,69.29737812403314,62.051809861770046,40.95206716353812,22.95876771639891,41.56352636376232,27.550711786584426,46.13110063125318,6.419172591279433,18.53040837378235
2020-06-14,2020,24,24.994007274547695,33.957269088763674,85.50155732922829,28.95014630534705,83.19269299348285,60.72322677576733,37.375219385224824,22.62656254788141,46.739239890192515,29.362013538932867,47.78337125649615,5.6697232088757605,22.613558404389963
2020-06-21,2020,25,26.28373144742636,33.957269088763674,99.02298080197811,34.642561940631516,92.97103402146392,56.67571146407379,45.14001666496933,19.634105400680063,57.62722273727704,30.114364936084282,45.840176964742724,5.599306352576059,25.537422138028273
2020-06-28,2020,26,26.380932823729786,39.671711447194575,93.2227813591451,32.27418001261938,89.68465545750581,56.01541487202749,42.8595558260443,24.733742187524076,50.70475742302072,29.12558366867994,45.945489913376925,5.804793010883061,23.7313993078974
2020-07-05,2020,27,26.78459652735599,36.82547316622894,79.07982839587042,27.242937907994925,76.83374561239341,57.29389019909485,43.36727543835872,23.83097089152058,44.17079266021078,25.224665951819592,51.493217727502405,6.464699680884335,20.206717324325048
2020-07-12,2020,28,26.073232731992963,37.58624097417239,96.91151805513344,35.61619163148449,92.98037394167476,58.1726284408709,43.440862161694724,23.143390819869584,56.35835633876571,29.607892797159927,49.69210277558945,6.275426279358143,27.50858435307719
2020-07-19,2020,29,27.17349585937236,39.65014021414085,127.3163284356311,41.11958167988959,106.94991674465768,60.4696300127477,43.85569635038937,24.320796664561158,68.42723268250052,28.74139196970254,48.2634899620048,5.727605290179603,30.229034579791417
2020-07-26,2020,30,25.968036840162686,39.49325444516538,125.3464117780336,35.77637425122168,93.3003688599015,63.70189227447348,40.51211317274309,24.229822813197064,64.02155018973932,27.96796113322704,48.63282456379386,6.713859237159483,27.96376538091313
2020-08-02,2020,31,27.46325686291683,36.67618979442811,102.43222380779558,32.93649956346968,84.78211428030458,58.8074177138955,39.75286691407707,23.726237995125153,57.32658174462116,31.405297164648236,47.476214550676296,6.389670192492071,24.617679325157265
2020-08-09,2020,32,27.413323888710668,40.431035869222946,140.784927047642,36.38655630124374,107.76798766228295,58.45441142297243,37.34731200932491,24.217328977187396,64.13130425990758,29.747263735904525,46.56477655793851,5.555042269264831,28.411151544090114
2020-08-16,2020,33,25.64093460374329,40.672731631504874,146.70781540380824,47.848350127938055,120.53933690951173,58.90079887969207,46.49249211831725,23.511340687796295,76.55090652261764,33.05384989249112,48.217849842978175,5.324116477841744,33.02487528643325
2020-08-23,2020,34,29.71539294542315,38.014144624516625,133.490757325587,46.93913883875132,106.42739753341183,61.60529903836657,44.64272343312885,23.318515622466002,69.98628920637185,32.07155804053545,46.50732714363678,7.3856388355470095,29.853485530379874
2020-08-30,2020,35,27.357761235931086,37.77298415261883,122.39215782491223,38.18842237968444,97.8316644140079,59.12892497600689,42.56920733090419,23.25760960582928,59.25380073418526,32.221420771011125,51.67069373774529,7.263594167289548,26.417615062349157
2020-09-06,2020,36,28.42321861365508,36.09559453738566,146.66953498402367,48.5733351963583,124.1358421663757,57.52851319218974,47.78220399043981,24.96486784823685,75.45662665549587,30.651727899106373,48.840212657332444,7.176674259615563,32.904403947667596
2020-09-13,2020,37,30.510521080984294,38.448558658730256,167.44530620600088,54.493980240549305,131.06462963592767,60.27065978514499,46.728868088779016,24.82617984524712,87.63833010783495,34.36105424876958,54.77207712086474,6.862124475348182,37.483489298606244
2020-09-20,2020,38,27.26156001626215,42.729815002488756,139.69653328550044,51.17399082565877,117.91029471606194,58.73916598945026,45.06995407894613,25.221871309008094,77.9257934200737,31.22709015321807,50.57306637442945,6.290837226421387,34.19583052601715
2020-09-27,2020,39,31.636855664112236,37.20288841147462,145.20892354924177,44.899709453522085,106.11091351907656,60.14991607901737,37.93099224588184,22.041004775651334,69.14921009445298,31.10117719674721,52.14905277710454,7.744389134351034,28.9036392204839
2020-10-04,2020,40,32.45070662240107,38.941682664316744,174.7527757015332,47.203126937365795,102.14978615894778,58.00535077044507,51.57339517759827,30.220845363761157,80.57553245799582,32.62582954518813,54.91857136898768,,40.494370970234215
2020-10-11,2020,41,28.955018836780013,44.26801787402425,159.3979970903641,57.17546150761624,146.67186891018065,67.17042554366598,50.714156804168994,27.55087523513462,106.27237129706727,36.145088644300984,48.78310090032219,8.113591510551998,43.532895862783576
2020-10-18,2020,42,29.61263460565586,41.75798084945563,154.67014388601962,57.78428162128323,127.06096684107631,60.72380887289052,53.022088382924835,26.076954728581303,90.09985917496603,34.524443578407364,52.30244054081585,7.551563335286407,40.01436451311175
2020-10-25,2020,43,28.899311241821987,43.41929168007923,143.759616571401,48.2465212751431,112.74076647850255,64.17698812846655,50.811241637450614,26.912239837800513,80.1367450449963,32.92617680835417,52.98853610833377,7.551563335286407,35.55370420730609
2020-11-01,2020,44,29.67983093489048,42.87519099457368,162.63320953305018,65.88592415869577,146.657025075728,62.223599472277485,55.58374391669951,27.244075168909557,104.9194141966362,36.08394984274018,54.41800455181656,7.299860843978732,43.47900700777601
2020-11-08,2020,45,32.689957123657166,,203.6575659506201,69.66093869471257,170.02959534589766,,55.95103548850549,25.39674256873551,117.78615033454793,,49.85754612784077,7.694715951972869,48.96778586007256
2020-11-15,2020,46,33.52855687181024,43.10756775165537,214.538473009774,54.85927260392947,153.66878772516245,57.12906286845767,59.13573639176466,29.191221000468992,108.25570918458799,34.66341637999528,39.17360023467098,6.719016110862716,44.99399768140725
2020-11-22,2020,47,31.121068715802533,42.364628268262464,181.01736327153944,81.4491673432756,135.70158247321476,63.239754455167564,53.457807229603446,28.141657005078343,92.16561104927521,33.92409726477534,58.7603847065605,7.691767545385468,40.35313891860844
2020-11-29,2020,48,32.580833627894116,40.78624072708197,214.47168790753062,98.58186249975863,169.3204463804329,63.70200042883703,57.03435104783947,27.816646178987227,131.12473809134286,36.82137017477954,55.55967923034057,7.846137724488584,38.12748674376327
2020-12-06,2020,49,33.207079351521074,42.942320766865755,216.53359351219805,109.50060227245959,188.4192599339109,65.76496871081329,57.78834850963755,27.455784546049006,134.2515777204042,35.593535036024086,62.22541587322536,7.541946075030077,43.71151690813647
2020-12-13,2020,50,30.402429588650953,42.46398725937865,208.70760377610787,98.99169931347043,168.66551445963574,59.71314471493088,,28.241523027236266,120.74642742061857,32.89041189598502,64.26739918158658,7.826880543386458,47.03056549616943
2020-12-20,2020,51,35.30374564675041,37.656686086822084,200.99183855024182,79.2532498222568,142.5975027152165,65.10782545926783,54.34396175734908,23.254946647040647,116.21464821595927,33.616318241866786,63.58419934600899,9.44684358230771,50.388350381148754
2020-12-27,2020,52,37.8810567962391,45.58516556138305,200.4875065777869,118.66921441592095,197.5520162189653,69.88734345624407,62.66271911599003,32.903446219208604,107.97602891180019,28.212280990028184,56.74648501471138,8.704219685828054,54.13240694727869
2021-01-03,2020,53,32.995738998561215,45.752601174074364,221.78694813572497,122.79986910651346,228.90082574999965,66.38577631692849,57.03750128027762,36.23835107351572,146.93220763731722,40.178289194890816,64.61159332384028,8.704219685828054,51.85027195454656
2021-01-10,2021,1,36.1331360904752,45.20279599939745,203.29164142184771,124.66798832020571,200.44987840583252,63.284935457189015,61.14848512719849,34.649288162914935,130.21917972597572,40.24853067297119,62.90133766377824,7.972917225944262,53.81095210368626
2021-01-17,2021,2,36.51673142115204,46.6894598378338,187.4815899743291,107.85697893603918,178.09362551653544,66.68167036105508,61.33957165512163,31.53846383848392,116.65023894269275,42.151934150128895,62.3437601190018,8.069866018252887,55.30416965767788
2021-01-24,2021,3,33.723990423766125,46.86394039487643,196.75706345975746,128.3966093775324,218.57524311866425,65.2163267551052,57.492411997419055,34.92056538737416,135.67935532766492,41.124652883599815,59.250886782550936,8.463781211863843,56.472617631173705
2021-01-31,2021,4,36.1383911808502,42.06416024853914,265.7462747093789,144.47598474124987,247.03873545039167,67.77215779125243,60.71799253489911,35.4771157821962,154.74078310242217,40.29150144284429,67.64243556022825,8.7677397328346,55.77535983271151
2021-02-07,2021,5,38.24658216111653,43.94070316512633,228.72624345988345,124.94980364482385,224.31072007053615,,56.55030957038787,,140.562581550094,38.78012347300519,61.77995105051742,8.871916443548189,55.73130598991646
2021-02-14,2021,6,36.8006131705569,51.444864601026644,196.6152941586727,111.4776594950655,191.93554664277528,69.73473912431592,59.48089844615477,38.001855482646654,115.19739351127875,48.651953232500496,53.18680806287438,8.38455338009052,58.471026123927736
2021-02-21,2021,7,34.9366675879316,46.585107086769305,262.9446155251009,127.80120916881519,247.75323445811262,69.98497910688027,56.74650429996582,36.65257233447,168.30948077709152,41.60314833431117,72.70826857168369,8.62936149081236,55.30302777108693
2021-02-28,2021,8,37.19188271219505,51.915143845454224,353.4686743711255,167.40828991411792,311.58825969791013,72.55708477526966,65.04217260943696,39.13557421602291,203.13066153320327,43.08291247700673,69.33100357875145,8.388915859491028,54.538761416773255
2021-03-07,2021,9,38.04057356938489,52.51869950511395,314.41928151334366,162.57940679082742,261.3298401104642,66.3740954905818,58.024724619461615,39.3408231963673,172.82553775676575,43.48930682341949,66.0550829044699,9.300809913168976,51.881555463139705
2021-03-14,2021,10,37.059419559441686,52.245174504907254,267.275264439661,147.38919364011358,240.8984874427922,78.72145798377198,66.04963441534109,37.32697122222536,163.08914103468416,44.969603690900506,69.13113227590952,9.619089309343199,48.99661109387918
2021-03-21,2021,11,33.99941563504504,47.67940119201311,370.29136290182777,179.02694343560623,272.38416729100993,69.70041200323165,64.87067787233916,35.722023871571594,152.1446710853854,45.86851639573962,75.30519056796489,8.946996227708466,47.43749398011228
2021-03-28,2021,12,37.69672674807606,55.4018117649629,368.5188248963326,176.52220343768,349.53409420625326,76.25425103325469,67.82530797145786,35.61570957993332,225.7967710543676,44.348874193913055,78.0446994084995,9.017624539162318,46.32973544118772
2021-04-04,2021,13,37.85762954002044,50.38887750823483,363.3214616299104,161.8335340318025,301.7302262398651,70.40857087954653,62.2249582888845,37.220487687591685,205.87044879845922,44.861714546917426,74.14668185102695,8.747649186654673,43.047628480572264
2021-04-11,2021,14,37.368874184843364,54.545152125084336,311.3949711082681,142.42378317847417,290.12452842241026,75.23139968918412,64.59175481288186,36.97125825153335,174.90117013175688,44.33437808599599,77.07705837297993,8.866473869692,42.33835494478971
2021-04-18,2021,15,36.08861814888757,53.41091441709261,352.77040564821107,173.58416582917584,344.32697104662236,77.41012057655033,65.01892404523882,37.32735934161319,227.33198679722662,45.52444644078283,72.02430839466543,8.52437926333481,42.90792384341839
2021-04-25,2021,16,34.12791988066964,50.91458698142934,372.94942591896773,209.92709755176938,392.1760891524106,74.43954558303624,60.6878855260037,39.3962284557715,250.81382012320725,48.21560114010381,74.94053689525948,8.887343467884609,44.87985352788639
2021-05-02,2021,17,,,,172.1244592024193,328.86353872733355,,59.47761939221887,35.57400728972008,,48.34116146606094,67.93678120299023,,39.58794095644913
2021-05-09,2021,18,37.93210125777409,54.08027784398023,371.31695827708177,230.9234703190826,384.9437147410415,71.31263683508193,64.58526255344215,37.68156079936031,221.272688385637,45.24352386602132,83.95421961909744,9.403432444002854,54.231774453323794
2021-05-16,2021,19,38.23553217550653,56.23888589085561,365.8056546012677,219.53621527774635,398.0120699520944,74.23978218627272,58.07055513579286,37.22874464059007,241.8027113731688,38.18232635216168,72.41525021256486,8.44608193443373,50.02172320754655
2021-05-23,2021,20,38.55660141515995,51.203189695243076,414.9100238245058,246.7666722609237,465.41104259453857,74.00244596336455,65.96341305584973,38.07427023562114,264.2988689776134,51.1270326216375,82.7657404961864,9.753691741870602,53.33773745774902
2021-05-30,2021,21,38.026581748090265,54.42552398645512,371.48722041913936,221.44009825122504,408.37215255628496,82.93446117247082,68.95089502240195,37.44775960759008,237.8739801475324,55.71726748548773,78.37703223633956,9.43756843524556,57.01909536529863
2021-06-06,2021,22,39.20710443961949,55.29674597214853,327.90884635435947,209.1948919926995,373.570489410608,78.33093783967571,73.01747359669959,35.51627952260303,219.42088787305184,57.20596100350049,94.17574752646028,9.633166240291416,56.51971406420215
2021-06-13,2021,23,38.94354314876945,59.786858569613464,413.23519476153297,209.95743504774967,456.94109643172965,72.06424494369156,70.43166368333449,35.78263164291317,270.7198928623109,51.8845726696151,90.33955169035778,9.436854109050236,61.44694851295574
2021-06-20,2021,24,36.24332965557626,52.59066405753403,417.9186863589131,295.5275269212851,539.4527060211585,79.69234265261376,67.97964054493382,34.438975136234916,306.0965656473492,58.46784348083043,93.6734962430454,9.714355936037213,65.06541786282183
2021-06-27,2021,25,40.97501584422432,60.84794855351399,407.6298211401201,240.8020771290116,431.74880337635125,86.27255583890562,66.53649669299084,42.39639578068743,283.501756373485,52.12432772198673,85.8457192991578,8.625813831296226,63.86785024308999
2021-07-04,2021,26,39.689241586295914,50.49161232482986,317.5380122727461,210.23319311063403,448.4650080301456,85.00420749041211,70.40027810043476,38.724122623343376,239.47679143545298,52.70339160287827,82.27707126579806,10.573379431949927,68.20475637143905
2021-07-11,2021,27,,65.94815832069267,476.3070184069365,223.51304827128294,597.7383403334125,82.17091723685698,72.70401656764162,42.40236413919476,279.9058963759007,60.06021535171403,87.48479636402972,10.281954662633897,68.84155451646313
2021-07-18,2021,28,38.73908058742329,53.87324694204366,469.05982571798666,335.1424340952169,767.2152564349487,83.85380538919696,82.91099501819983,37.71366620585131,353.06356595013926,53.28460126756339,93.08892062221429,9.859914795261089,70.33826763241075
2021-07-25,2021,29,39.85805324892032,79.79030224843265,422.67281152248603,283.0120870132441,684.6155812534628,79.42361176614975,75.94097433413994,44.742474937609884,312.63063032019295,56.870520423052476,91.77815574022405,9.792692270109008,68.97073920625144
2021-08-01,2021,30,41.557881848080385,77.61256937822644,404.2213116919712,240.96907070241392,619.408796379142,84.38337482497799,69.01061879404295,39.743060124930324,247.01440174941004,58.80980450909809,91.84664685036574,8.518515922568412,67.94045580010825
2021-08-08,2021,31,35.39924396841443,79.10893737701522,515.2286001112325,261.4261210037615,557.1506943574122,76.83481633085803,76.81971830388713,48.38805369117068,370.2784050044121,64.01168373330563,94.59397800173056,11.84843087539619,68.48789943314962
2021-08-15,2021,32,43.42480329202856,87.07090754180923,535.939805172974,357.26521116448,816.7559531802258,78.6260206783591,77.53683150525556,46.07828392213455,450.03680643172106,63.49256791091081,87.91122238227062,10.857350876115758,66.2629479507747
2021-08-22,2021,33,47.74340662835042,71.77270468435492,452.02346672166493,294.6010216962876,781.3539633683445,89.18462143992173,67.13638278619324,45.495139083708395,417.1630086284408,55.262642333842706,74.90615371986571,12.497425073133998,64.36932211065631
2021-08-29,2021,34,42.8969282260039,92.5876771170966,423.8194274356243,360.5181483449981,663.6996721699029,81.3245700392912,79.73359167344586,43.86768191325551,362.4111609975076,67.85762247128427,102.55258862530964,11.897133354303213,62.80912974898895
2021-09-05,2021,35,45.81511605811374,99.70343292715067,539.459375810129,361.00733604672064,770.5210904980644,80.3842336979946,78.37792703338866,43.42394490566977,413.30764320142015,67.16328234187127,103.14038635590212,11.990072145378626,60.149379087275
2021-09-12,2021,36,42.2267953412287,84.48621430485547,688.7924771494861,498.2337437377569,920.1240013127775,77.93543111082546,79.6749552942569,45.008871034481906,538.1670218485265,65.23624359567295,118.2853948036428,10.982546003621387,56.36435539233677
2021-09-19,2021,37,47.812532675682725,115.6302652953754,566.7474401075848,413.77065268305967,783.3123510010768,91.21821468057831,71.33465389942448,45.77206327470576,492.17380795709926,66.25522822272347,114.36313649142502,11.007506163546108,55.81427319879436
2021-09-26,2021,38,46.09203733147467,95.39796921085146,619.6739768354123,357.28109543347637,694.770178529648,85.83221283847534,87.75609708850448,51.916597049880274,436.77718050666243,57.0824299738009,129.06479128952802,10.63619584051531,57.72169825590531
2021-10-03,2021,39,44.217436707588476,124.11733494911466,708.1779303373509,473.01479835979467,940.8928948420977,87.47387966201616,92.72474745640068,48.58490103564403,485.27590322715935,69.3267789218172,119.06286815591548,10.691590690290523,52.16672000026646
2021-10-10,2021,40,47.28414486755682,123.34550077583462,690.3591481577724,594.4676866577378,1129.6117782835704,83.67156732718328,85.28474007923477,47.14527517767511,566.4912301635135,65.16346108442669,126.4052245167777,11.923677156446182,55.24900657196638
2021-10-17,2021,41,46.8241625946701,133.7544801602187,646.3271370584857,531.4394852902194,967.7254056126378,91.42512698422138,88.20612358337186,44.364028770219015,508.54447933155336,71.63776814199007,110.36962771428986,11.182304633166435,58.714832197014026
2021-10-24,2021,42,44.68677105982153,135.65166176070161,605.1240915075879,455.1888473517627,889.1144917677317,89.80131443525318,91.64535983344956,46.20562342733619,437.83409417872105,71.04379654746889,116.44332863390947,12.484092033118406,57.13958759370456
2021-10-31,2021,43,49.51249960496385,134.11043095862271,695.8124288554184,644.4393600729252,1115.677516582379,90.89108836790702,81.99252474201839,47.24081856307703,553.1671924379148,76.03063399688028,116.3140799329568,11.98502048055992,59.69302195504449
2021-11-07,2021,44,47.26355203557279,143.17467014265765,756.5901073983229,764.3370787311802,1297.0548728068454,88.03683047252434,86.973254367015,40.77406532766945,637.2765159411395,74.77908500660226,122.76155445592296,11.825641938191676,59.19349958295903
2021-11-14,2021,45,50.7720939883612,140.50094283684047,705.2467903068112,638.1764621034672,1200.8531416526102,87.24248166770816,97.90473445916648,50.23046519790414,572.5591953148321,71.60248707838512,119.8408675927877,12.310944342257482,64.37550256484869
2021-11-21,2021,46,49.675260197735476,149.90102496892538,611.6541874074596,665.3945040216215,1002.361963946791,74.95320080535132,86.84011155412337,45.95579463339726,500.2502152753223,86.25917023793981,104.918457481433,12.888995640618733,67.08205236388444
2021-11-28,2021,47,44.13550195602314,152.3984504811714,883.9894357845922,791.4794683528997,1298.974943194886,95.9078103959203,91.90936510405143,57.401216855865,699.5619472617551,79.02121153124531,112.51498517291579,13.225260488636822,70.43532504853276
2021-12-05,2021,48,53.22439886439302,135.16704874154112,906.5545507545166,738.1772638273274,1496.8527077398153,105.6938090268187,96.16436314966948,56.84010328185871,777.818550678796,73.01799650338711,135.06910330406504,12.270834085758784,71.25414158052736
2021-12-12,2021,49,45.44259789714713,165.69496325127176,774.6596832020055,707.7706724112054,1510.7618108501658,111.40805226886269,95.44028865090964,50.11297702328737,664.332285102426,74.49728069722742,126.78697543763424,10.788658940869453,72.86583688323348
2021-12-19,2021,50,57.70792190727994,157.43772089791676,710.2602757961797,645.8723112408989,1261.8808779169317,106.73523753858333,110.93776825151838,60.44907568092412,604.0198789704918,81.15058635680468,131.23533971220613,11.57359578543444,74.97975783468584
2021-12-26,2021,51,56.81712687295263,146.41835269633359,779.4623548910118,735.270754045059,1589.4539502749487,105.48315860107144,102.05814376281208,57.82565799460989,778.0915162416376,75.26788749389155,124.24020357584247,13.329695149499367,74.98691256788344
2022-01-02,2021,52,65.58990652349725,134.27848567929132,1150.5626765146512,645.0805434354376,1766.058193107395,92.00396444236266,102.31915975688946,64.21348096871675,722.757659919459,88.56048032599692,138.62933552508798,12.460593829076151,72.13222440037752
2022-01-09,2022,1,58.88355555199973,162.0396011786051,960.3629280408193,759.5014797622662,1656.6273375254268,108.0097784644318,97.15607948154745,59.40473075862242,799.6729865808494,79.87624388114816,132.4254347059447,13.675509343353585,75.13144443418139
2022-01-16,2022,2,49.70134402138971,163.63148843370914,772.038130944745,756.2536827344187,1339.0547653911833,116.14132264754248,104.04897268730282,65.31926147525,700.3743409637692,84.12593168792351,142.76749166984305,12.802882554835465,77.41284173961182
2022-01-23,2022,3,69.74341937908473,148.5225836769241,1148.6311505514223,792.376708019269,1949.8167641512023,106.55150965772859,104.34540529881261,61.668702723244756,803.6245884475936,76.45388120975153,136.11278101648733,13.078099475020124,73.67957719390073
2022-01-30,2022,4,72.8718247895894,160.90929895890315,1491.6388043787379,952.1986001880734,2435.498919094219,111.6101059903081,101.42751677243079,60.722331371566185,963.6891217379077,86.51906335372257,139.41578007483773,14.918403936158537,71.10698598976846
2022-02-06,2022,5,66.65165571644896,175.636033771886,1291.2664888285558,886.1316552937276,2181.574450820851,118.27475271408757,100.81758688977283,66.16753023398417,811.0864899730775,82.02159845278267,138.4476771840429,13.233044793767556,72.03133249997448
2022-02-13,2022,6,71.6425687274004,172.73260542696872,1097.1105043631924,769.6766405758835,1919.264407796983,108.53971192135545,105.31399657728609,64.84080709768367,880.8315627064675,88.94114438300946,136.98354513825097,13.069032389354028,69.75558404718778
2022-02-20,2022,7,68.45906537243916,172.73260542696872,1445.283544259153,749.8579553873833,2286.210074433233,107.51298934263559,97.49774075550887,63.318820455491846,968.5763368679178,87.48866231490584,134.4746784931024,15.97591007804349,67.11504176314163
2022-02-27,2022,8,73.48400432626714,165.23446270827134,1575.59425744063,1055.3223490116504,2538.949591147845,110.86000055292885,114.72535702295333,61.561771623297886,1043.9693033847332,90.76598252557577,127.55456739666234,14.285894852791127,66.64452615351546
2022-03-06,2022,9,69.76396349958395,171.9254794247815,1576.2839870174605,992.6763680833392,2239.6191886509346,109.67789309861625,104.35620953267072,57.31392734603171,991.7015876883121,90.36789632141777,134.69473688258714,14.387930017809241,62.974526533961594
2022-03-13,2022,10,74.90156963023139,171.47776087048652,1347.910288817971,848.0640557567326,2151.421401987768,110.2968852653079,105.5745077676969,64.69938168063045,842.1901284160432,92.47692866366889,134.84884958484753,15.362889586723076,61.54993820321892
2022-03-20,2022,11,69.44123255600726,164.57346500071782,1562.2585709789605,1089.2043929100425,2639.957820976685,116.02452884096293,102.24547093116153,70.83341486993288,1094.5490106899435,88.70063540505203,137.79391331845554,14.565620644162964,62.45296504433215
2022-03-27,2022,12,80.20565367591227,183.16425019993773,1957.9910379523305,1214.7068401941433,2962.365578003002,109.16102710296636,109.76306298520427,64.52978074998072,1234.0186755804953,93.04915422837868,140.08962833858342,16.236273773068145,61.77280999561495
2022-04-03,2022,13,79.7080848223861,175.08127707608077,1636.7548711728027,1106.4455450099365,2589.498095243711,111.80407952889414,108.23045789668953,66.62155939641063,1117.78722302189,85.13012400119844,133.23996574517236,16.5679273743012,61.889388724518845
2022-04-10,2022,14,72.41063241440271,171.5989111905476,1637.8504160310956,937.2429909389084,2235.715733044693,100.41355920130447,105.45774812705787,66.03800706063616,1015.9712381727976,94.5303573431385,145.96751307064636,16.052957798906704,61.94662063443237
2022-04-17,2022,15,80.67062769255804,174.00151089772962,2054.5470674881944,1321.483707434748,3024.7256539779437,128.81038799549273,105.01159137900727,68.96125682982432,1097.9273799527905,87.60203727508986,136.55373387010277,14.325680995299903,65.20872001728216
2022-04-24,2022,16,71.33382509399303,169.2986752817883,2344.873004126571,1257.4152225641099,3573.576743876624,115.11796716066637,110.25868450339017,63.22586503918114,1237.8405540329236,97.44797768304808,134.37776702526241,15.58239705178445,69.1345609096746
2022-05-01,2022,17,86.54208329062112,170.58073397953507,2092.666945872749,1152.548650825002,3069.0111986624606,121.20768479192822,105.4628471033137,65.40740373948992,1102.3025303984405,95.92203611595036,144.41894131862932,17.750970316714152,70.39456920499008
2022-05-08,2022,18,,165.3605592364133,1862.4291863631645,1055.3560925792617,,125.49406023644532,99.41847808140753,55.81084930490824,952.9249195475229,96.62729436535533,,17.00275394370606,71.49056492815104
2022-05-15,2022,19,92.82239728763682,130.1011444559802,2281.7262137233447,1160.5289363571617,2800.595612244411,129.07570727166419,125.65819751485176,81.16122913627206,1297.0269849175838,95.3099760338479,141.80472366152523,14.898906746861652,74.14557989657406
2022-05-22,2022,20,85.57151850179964,195.15014109873815,2539.966655561462,1569.2391924676767,3863.933607135799,128.55858810141277,123.78937808113723,76.6065389416535,1614.034950663448,99.35872137996728,145.58260165021412,17.742680270005433,75.99157340699557
2022-05-29,2022,21,86.74240833044743,179.70982919352267,2263.9058307526475,1327.1859366194196,3400.6444469179937,125.54384323316971,114.7914535045783,82.33546168223097,1414.2126642236055,90.40040950560767,131.84863613221378,17.97816245941697,79.4214714795449
2022-06-05,2022,22,83.47353725127554,179.5745871002881,2016.508219364813,1240.2541829557488,2996.9537789600063,128.52397755991785,117.17694141899425,75.54351399899696,1259.676062457783,106.03748630401748,155.59900917255862,20.209189569898125,78.82371109559492
2022-06-12,2022,23,93.15173716130161,189.21543745069224,2573.2211815291735,1577.5817558014016,4033.816367352358,137.95405814617757,112.3173838744105,77.0387428120986,1591.4473542201147,107.5161663835848,154.85808391106514,17.912388686764057,79.4300386420335
2022-06-19,2022,24,84.39980576255613,198.64479905208938,2809.5975337572017,1715.4815904983682,4431.942252437068,124.97608933277436,115.98745273595864,85.17185452617382,1868.6010896583168,95.53755858527771,149.26114812311366,17.848416957976486,79.04314484109041
2022-06-26,2022,25,93.23171564799216,196.3508744257785,2485.70619166212,1660.0209869149285,4123.3196573650785,120.97147077871314,118.53645937556995,74.3001553772132,1572.374420277857,95.14689326397468,148.8286910277461,17.478031444470897,79.95500675514818
2022-07-03,2022,26,90.01644484675677,203.0663326702099,2102.238832670145,1407.724421919586,3730.4863051387383,132.4103513972789,119.99895278080918,84.07463111811131,1543.1120261848873,110.55511208262143,139.22243869961474,20.01133307361466,79.8555056918007
2022-07-10,2022,27,90.11850413310843,191.6043708130548,2948.080505942566,1656.257764569311,4095.2275051574716,132.2300545235574,118.36698744308325,81.98019195211967,1860.3983936433024,105.66987925322587,143.8615501002361,19.738864637367215,79.06871389822881
2022-07-17,2022,28,84.44497349586969,200.40338856949361,3347.0262993031897,2008.518345960695,4807.104905518314,129.98062245484425,113.47417685038715,84.08434823674851,2194.2489808604314,105.9601781979766,139.8401423526769,19.08999345094779,78.17750458877701
2022-07-24,2022,29,86.57693217527184,213.38657602323073,2951.835235959065,1874.9634241607966,4198.672035143554,134.88128443710352,107.2039295918344,82.21952963681542,1933.1041700899277,103.95997923376538,153.33565488053875,19.33913375648234,75.4762827116989
2022-07-31,2022,30,84.32795864820056,216.50815709034123,2627.786485293629,1644.2034385724373,3979.0248036877033,124.70314730226801,114.50525092825558,78.02153903560382,1686.5675418241408,105.16682262525957,150.68201216898538,20.381194074681176,73.82850326014052
2022-08-07,2022,31,91.31763462487037,199.1636238020048,3443.4206731736804,1837.2341042409157,4700.783789059331,135.36935948285497,121.38039834598453,82.2096199202176,1969.9644031279984,103.24108150345161,155.18073591097195,19.238181882501458,72.24928718337767
2022-08-14,2022,32,91.20627187664195,194.59931157450995,3693.3420662575336,2330.011134685452,5127.832937317927,148.69425035863665,125.15913485426576,85.18312342806975,2623.7840894684214,107.3231351182866,155.65782277572603,18.999459150493117,69.67249168999336
2022-08-21,2022,33,91.83215796899881,204.66035591655822,3324.849040907936,2182.4693012050434,4699.631047367565,141.24130352869798,118.19532759219894,80.49616295373399,2281.1848645073605,105.44144282276858,160.84823921716946,19.12190478544106,68.6591908022748
2022-08-28,2022,34,90.48894105680469,203.23919482498334,3160.45663614321,1843.179549821115,4101.242417753839,145.7670141152552,113.81129605323679,82.58695011302186,1985.6715391028356,95.23322789647835,155.33588860372916,19.25215837917336,68.64226580964315
2022-09-04,2022,35,90.79464228663045,223.7610066470924,3595.7327373969306,2260.0674245074842,4724.205842649735,130.19626584148145,115.5690572719527,81.96260039255083,2562.7311087411235,108.13005057788207,167.49834279436158,19.055456909756252,68.18607828588078
2022-09-11,2022,36,85.02905616209848,202.22397220106393,4375.252467308106,2447.032555222337,6078.333238443857,143.58035850570988,127.15048268583038,77.00281885511603,2956.276436308964,108.13005057788207,149.20731069317713,19.554376719520466,65.05972339956325
2022-09-18,2022,37,95.73836655555967,215.41717381205984,3946.0865475266964,2326.4846814315424,5310.375119975602,154.93912310540676,119.96984036527698,81.38392232874425,2528.445718298766,112.48521796017897,139.01628303212027,17.610736975512772,67.04155434830881
2022-09-25,2022,38,96.2051611701157,220.30964966172272,3216.8902870110574,1994.3909473802967,4676.237823821735,145.14738632424573,117.56297954238305,90.50751685821972,2618.1149700535743,116.41606162594151,156.42542069464167,20.68126593818276,67.17478053275099
2022-10-02,2022,39,95.5777717852975,209.6088419582794,3722.6929959581857,2071.514550390644,4967.99319172083,145.54395993521436,124.52790390753634,,,106.4163078716406,164.03919253487325,,66.35935745109953
2022-10-09,2022,40,89.21546907308628,196.52779342248573,4128.133239190436,3079.4329106328196,7057.316036369073,125.88451493576454,140.15210064741368,89.56255117763155,2872.3603805887674,94.14062918632517,142.07301550404475,22.32962725120796,69.69765350830899
2022-10-16,2022,41,98.85310732721145,230.16102657712855,4166.333784625974,2623.4004935248877,5915.867285957021,165.3457307374983,126.57783832258582,81.20304969535593,2716.4531870885007,131.09396396083127,191.68346780658203,20.842576297712615,72.38595966656817
2022-10-23,2022,42,84.9158667790137,227.43005640617565,3857.5631283918037,2282.8795155375374,5784.223880975365,174.5559339540345,116.72826443306877,83.19527341021355,2449.4517965924056,127.00260349253196,187.1865200798843,19.799301466171062,75.31220672888035
2022-10-30,2022,43,113.30410184468607,216.59322322769515,4242.235081275137,2663.847090774033,6828.778372295827,174.67299124298907,135.87205604763906,86.53616457363711,3320.1525921066263,127.12019836134097,173.59188023855774,22.63821188913819,76.60645115063832
2022-11-06,2022,44,118.43140074359103,220.28372359219412,5765.8459901182605,3780.5735908992374,8254.548200187675,162.48665373299718,135.16808095594644,103.67840923167562,3449.650084805326,118.95666844932353,185.50461064820414,22.28786403163173,80.42429719536865
2022-11-13,2022,45,101.22825445119429,214.76451818171918,5268.945741161314,3166.7815827696545,6778.390679009434,154.38929426755348,133.2912292027554,92.64266429054312,3065.4110142182417,121.83955076634466,201.01698206267403,20.750459129349903,83.58750146308252
2022-11-20,2022,46,112.3029711788232,220.1110675693341,4566.178650988437,2669.481403913144,6758.831469799565,168.16148735154104,133.509024553578,95.72471244166411,2654.791341391649,125.87423337741508,187.91845898484416,21.184428352692386,82.48960388825431
2022-11-27,2022,47,127.79868262731445,234.1688257521232,4896.047878328782,3756.46320922382,,169.56940647205641,136.93044364609077,91.02654107799107,,119.2367445679156,206.5230914158268,22.21378362877932,83.84055549299673
2022-12-04,2022,48,114.67563170852267,229.71909110698223,7027.59417737646,2998.9189397646765,8200.756273141029,,,96.93392000071499,,102.8090592382381,173.54069413755812,20.088955074941133,85.7897200115808
2022-12-11,2022,49,113.50084089804113,,,,,,,109.79800238065845,,151.5619853409685,,,82.11593596653647
2022-12-18,2022,50,,274.08578715636304,6365.221443941215,3049.373536530224,,177.397483684546,127.35684116359575,100.52980641161032,,154.1444279207025,,,86.42018000389628
2022-12-25,2022,51,102.71987345983885,261.5354785164013,4935.306694159075,3757.1118140526814,10158.225541190319,195.1706465117896,153.40218916788163,86.20487607232384,3534.8075924539207,118.52803550160974,250.6709840397574,24.2535877318668,85.16286079453977
2023-01-01,2022,52,122.1525902591288,226.80459938646274,7402.960041212659,5594.404107305584,9723.687827063648,169.07519115944834,137.9187503500168,101.49419037364679,3858.2782063275836,118.52803550160974,223.45568874605195,23.445187115436212,82.79657331422882
2023-01-08,2023,1,,,6675.381476819069,,,,,103.31447709462502,,116.8694845686211,,22.51128469313316,79.81794785385097
2023-01-15,2023,2,131.10854232633872,224.8429831347674,5595.318659648781,4934.513427745934,8512.19296150356,177.05159841845122,144.6166073491128,104.00627374917396,3901.8029586624157,112.6117339003484,236.4695645629319,24.354379071469673,75.12220065348981
2023-01-22,2023,3,126.12186339685206,252.17686434698618,7942.804624331075,5210.38894087858,9493.142579914445,182.8120458244136,167.3229277792687,101.07009209374125,3456.0293782937338,107.21433199325803,237.2684360698697,22.709077804996436,75.24134201281365
2023-01-29,2023,4,110.88596974904529,269.22934547008975,9993.69787600244,5849.698780683908,10611.941184415798,165.73696081694575,139.79073774184425,111.96146128130582,4303.144713691387,117.61093885822251,207.223610970913,23.96868167223168,77.4950261206457
2023-02-05,2023,5,123.2170636816043,232.9763070064896,8325.555011452096,5250.977311733622,9953.64588321278,169.9984876714225,190.2184928470129,101.46356645401315,3863.13518118436,108.0628236134387,197.22784684641198,25.84909139404032,72.16446273633936
2023-02-12,2023,6,131.25086427068794,234.2705665619206,7903.874459984198,4208.738351944544,8181.040805739731,192.66980677085184,184.80672941172097,112.17126898417635,3161.0535001576172,138.73445172649983,267.86479016642414,27.031513986553875,71.84532897817344
2023-02-19,2023,7,131.70478788610208,281.5388735370182,9631.361335069458,6291.472483009821,11444.383585715881,176.99808158750068,175.1072369207587,108.54326451977742,4597.2430585328275,124.33034118918815,241.15754270004848,24.424307191529927,72.7126212479624
2023-02-26,2023,8,130.9602896180612,288.7124736180619,11528.655199478315,7319.192105801848,13559.262330217,196.048840492712,169.16064731298462,107.64500626869658,5685.00290694723,130.94806154185653,259.57703614579367,26.28141172401101,72.98882589730894
2023-03-05,2023,9,132.01148602782703,256.23056089531,9856.659066729235,5940.587642423978,12705.285737386144,193.29887699618686,166.9609918501116,112.99864348870241,5022.3810919506395,119.46502690766192,244.71680772339525,23.162669382787477,74.52448978467872
2023-03-12,2023,10,131.8281372132532,274.40924720837404,8922.245215198927,6400.461510348232,11086.006985626838,183.86002510913357,163.96436157201526,112.81238266322238,4482.611820486169,136.00453056678984,244.04451556647294,23.63585660214467,73.34475011365386
2023-03-19,2023,11,143.30926791045857,271.09187356017213,10936.885988218333,7255.349388732925,11823.29127896239,185.7524344638091,161.1595189788204,108.86017529300923,5425.753925043902,129.99918169685677,245.98121415175686,26.040966837744268,76.16977406784412
2023-03-26,2023,12,139.16857678576486,301.82802036310403,10597.623500706784,10012.560843776591,15184.512489591476,173.66526214567756,166.85665782538484,110.2425505681708,5962.988146965839,129.27927895791717,236.57036534755963,24.56615687887155,76.98293252837036
2023-04-02,2023,13,132.86335900391433,293.04409847072,10835.22544499833,8548.39099906609,13495.158961560968,208.38521791483896,171.62471891572847,115.42729863874666,5230.49215239918,122.36767381801512,265.19014069184635,26.1211965711167,80.14361862946112
2023-04-09,2023,14,135.15552192477452,281.86240029304633,10105.014180750482,6864.760653067193,12127.049894707161,188.65134515329606,173.5398553086844,109.26724696103581,4730.044870010584,120.08754325034526,258.83436604590537,27.005206456682675,81.97377401071539
2023-04-16,2023,15,145.24154708110754,274.4776737089138,12507.207284667727,10291.778529052592,13932.64914515743,212.51984590629155,169.56964739828913,105.41791341653052,6055.328068998507,129.08215956879684,260.909390848196,25.8769321180371,82.62235965288059
2023-04-23,2023,16,140.69936588013854,281.6699904119979,12827.332953041032,11361.04753290802,16013.524443346509,201.38505336560905,181.65745822080157,124.09114294709556,7139.482509809403,118.97119255201011,254.315227484865,25.357607983993162,85.74427582579192
2023-04-30,2023,17,136.42370263758946,291.1649366861743,12110.53009161373,9853.143753735927,13870.329699740814,204.35333172295606,172.13169627488406,122.30991848623081,6289.303941998253,126.12049797271344,258.12881189045487,26.56147551400626,86.2647744905247
2023-05-07,2023,18,134.4048626130016,283.93561450044575,11222.615836782688,9597.444510188589,12401.451583102002,190.8666554174555,189.37728850134062,94.04916256845055,5351.409593653779,138.61208663625814,282.2426766057398,23.414626439523804,85.51854684917899
2023-05-14,2023,19,142.38549745111968,293.73989096890887,12279.040064995057,10485.691975363781,16332.134324287696,226.8361542968098,179.93986121512046,94.04916256845055,6777.682947281865,134.96038609056708,256.759765533537,26.1769140867146,89.12063184628013
2023-05-21,2023,20,142.5814403014726,275.79005606403155,13381.263450362188,12138.83697525704,19252.115603686216,202.82094465357716,185.14064993865668,93.5200080308717,8353.81721237871,128.07005917275154,240.77227754928654,26.229520142035028,88.30082499513527
2023-05-28,2023,21,126.22595805714194,297.4286089879531,12603.097824895107,11262.63811817989,16038.73060451355,193.00072357704656,179.24980082618274,94.95098975760341,7126.096247603276,136.80280085162462,284.33720424845035,25.126164834193975,89.03573387978659
2023-06-04,2023,22,157.64578449087125,296.35616865246266,10559.10075355326,9510.842777922328,13928.67181844693,218.11000408584553,159.48723896971092,95.21381760941105,6489.675966813636,127.12833221548733,281.18416328146805,29.29989586597242,89.33249669125101
2023-06-11,2023,23,169.3112552194765,303.21804659682584,15375.739477126659,11125.708040240099,20531.3102643153,241.3260853513495,180.94393625829454,90.54138770232237,7554.488318923918,134.4773312002798,268.6509023541126,29.954032763980578,88.52872094060693
2023-06-18,2023,24,158.74655496040222,299.6089899045928,15756.007146695427,15438.28509634869,22442.54353339142,234.433979832674,177.92932042900742,93.81184898808833,9252.569605756946,132.78462899856768,304.1426825896507,28.05869113073105,86.26752814387757
2023-06-25,2023,25,162.5384890534274,312.10262147409344,13692.7421123763,13428.847069053945,19822.311306497497,218.63196362288141,181.95116902356222,98.73583624054417,8780.838848144058,134.43038223303648,305.2741449043757,27.61080041857043,84.43199971204916
2023-07-02,2023,26,156.52302976800797,297.0458467817148,11588.01231761935,12475.428450761772,18616.125496087738,232.37354606305436,195.4130697929773,88.07210687250891,7321.239349822852,125.61643333539313,271.7543659317326,25.66633185308205,83.36230907841544
2023-07-09,2023,27,137.09424893751097,289.85216168576164,14170.768133576545,14992.122578866842,23130.699270897403,247.89552836298986,195.2449967909285,88.40740029211057,10527.352303715808,131.14399735667163,285.52602433270505,29.768370053536845,80.28926399590492
2023-07-16,2023,28,151.9538652937582,304.32997004247477,17873.149023314836,16088.351328793136,24843.59140451414,249.54806729167092,187.94724686141086,95.91180851239231,11151.917565147778,139.86232649676427,299.1620423090278,29.640474726383047,79.78365618277884
2023-07-23,2023,29,141.0551121579622,284.28599872406124,16680.41799584084,13429.711672898582,22987.21359257218,230.97108109699371,191.1406536156117,95.95007119383908,10264.643308936073,138.00069405303609,277.03579177879004,26.957384723638388,77.78783454770542
2023-07-30,2023,30,164.72920313132389,309.55593404010807,15420.565660329394,13021.978205003976,19238.838260215114,235.71781068196626,191.31829342368977,91.087789707227,9195.290165727847,142.90389890761227,285.7726766440056,29.518860191420885,76.91968141454987
2023-08-06,2023,31,160.55158050557833,305.4004086524905,17380.735174738642,15300.786752016273,25424.781637003864,237.3382685090893,179.36050821749035,90.49069285487178,9966.625778856303,137.61823294120774,302.248323581409,28.93884070056092,77.47110421670496
2023-08-13,2023,32,175.20244452121352,317.39620984012754,21226.37343204711,17894.482757700785,30202.9185126823,214.72790740194256,193.8413399331253,94.28533060559917,12067.509675844325,148.06616530880044,289.78540032797287,30.17959139526691,77.78264383842335
2023-08-20,2023,33,192.5647076798254,315.3237777828718,19222.121019002247,16126.403144914457,26115.70586706696,255.32649408289976,189.50450636190283,91.02681187792126,11552.566283574139,148.3695778832136,320.06738863418974,31.058270436049003,77.93504190811086
2023-08-27,2023,34,170.50712265557502,286.10379541106045,16666.999349958907,13870.897939695924,24481.835364047223,264.39100745041185,191.15473733113106,,10037.166400663375,138.83289802417744,293.9154483240905,28.700497592188366,78.00540693147254
2023-09-03,2023,35,162.33174098801766,362.3429357284008,20411.21136589577,19584.55977442685,27276.63561537362,223.5046858119443,186.89915526267617,97.48485440581128,11264.868121284551,158.85027224473464,255.19544884661644,33.97281151454685,77.56220522804422
2023-09-10,2023,36,151.67362156970606,309.84418828186745,23648.25192159302,16951.781532000314,32773.79627272399,321.8273808492827,178.1218825511272,79.82129196746256,14383.689661997298,162.8545647572343,292.567500564969,30.764402950910597,81.4343509539353
2023-09-17,2023,37,179.4836580940818,389.7202759930928,21003.533220380206,21776.919938076408,30129.717973852094,287.4738828230649,178.23548062890407,108.93036850471114,12691.834951315954,147.10915829980334,324.3005371701337,29.971579859641444,83.5351209121018
2023-09-24,2023,38,169.2856247550102,343.2676988609924,17240.250595201203,18329.46444726488,26464.259053495032,291.7428388000024,199.1537767638713,119.47656435460834,11192.70131241034,161.7376505230395,303.60077635371346,31.81878472571264,85.20787894941101
2023-10-01,2023,39,191.6630913581808,365.41050002178775,25700.24375173347,24993.775426034237,35503.44861365605,301.798937010652,187.48724514696886,107.43338117136979,14031.135431321456,151.45935963790598,386.1393830093352,29.005296563679632,87.60043574415765
2023-10-08,2023,40,191.46410587654904,387.83837467925014,25600.211546743412,26950.452854932453,37143.97049102095,285.22473965717677,210.74696646126813,123.0231887812676,15288.154016800303,147.5315651848332,346.52339679974,36.71846654068334,88.18925530772165
2023-10-15,2023,41,189.26880152209,373.9349616463881,21929.52570084155,22885.31731445446,31876.313529199386,299.00538182478203,210.33373923356274,118.06081616236418,14117.221603646412,142.3063949648452,348.5379769162538,34.88440164645468,89.73312336127508
2023-10-22,2023,42,189.04131541997322,399.7728490115795,21525.32091433818,23545.4829387969,29689.175309490995,306.7067311685714,203.07093025583148,101.41835747883975,11721.142652869341,140.8587099436482,322.591932710164,33.720173900416654,90.36134219565241
2023-10-29,2023,43,191.42769348074313,376.29547991511845,26741.03320282984,25001.842638130565,32821.80338927842,316.45674198146605,203.53668600337352,134.10980890958143,15867.29289505445,153.40083061797426,378.32890996060985,33.85481756572294,92.37484726608386
2023-11-05,2023,44,152.91949635444533,370.75667257483644,31796.921403516917,32621.862388575693,42348.206334583796,319.72545809329284,214.89950122042825,144.377448605874,20406.618650761542,166.9015418267833,369.4126701812859,32.53731182894178,91.33820678233667
