date,Year,Week,prod_2_unit_price,prod_4_unit_price,prod_6_unit_price,prod_9_unit_price,prod_8_unit_price,prod_10_unit_price,prod_11_unit_price,prod_1_unit_price,prod_3_unit_price,prod_7_unit_price,prod_0_unit_price,prod_5_unit_price,prod_15_unit_price
2020-01-12,2020,2,1.92,4.41,1.98,5.52,9.43,8.24,1.13,5.17,2.6,3.81,4.78,6.27,
2020-01-19,2020,3,1.92,4.41,1.98,5.52,9.43,8.24,1.13,5.17,2.6,3.81,4.78,6.27,
2020-01-26,2020,4,1.8652678927618442,4.52978249530677,1.9871236719346963,6.330502058522809,12.368577821173501,10.669646298868836,1.4205950189515764,5.084950441495614,2.4459813890810556,4.028007655437773,4.9421541520373236,6.402421161003179,
2020-02-02,2020,5,1.96088078904096,4.418794262482516,1.9440416154104516,7.581687032964318,13.944714722762404,12.041880860114889,1.6824663634112904,5.3111466140799894,2.6427184019095935,3.8617710235129152,5.2559996453188464,6.324394033859012,
2020-02-09,2020,6,2.002683093153085,4.484077631432154,1.9253512115570302,6.731566777565947,13.213779850631632,10.723693426866438,1.4994463908135613,4.410257173820477,2.7303778322744554,3.5931994311096602,4.794159125018672,7.156798353083629,
2020-02-16,2020,7,1.8253493470649507,4.265781555265648,1.787676220947554,6.304072411509916,11.433331629331391,9.714573568121791,1.2993772203740286,4.886521254450364,2.645164451055575,4.220043783789249,5.1729916010100565,6.68159137124061,7.01
2020-02-23,2020,8,1.8955126591888647,4.560108485645319,1.8982658205277654,6.890386137703526,13.629589563363291,11.948423861186525,1.7206209033781474,5.784248902496,2.596192514716964,3.855427583942201,5.2474883928031275,6.549420564989525,7.01
2020-03-01,2020,9,2.0164863480243613,4.265593522655818,2.0129477052926577,7.188042493942276,15.528491530568624,13.436250251157595,1.899652748118238,5.567783767696277,2.5541778798798336,4.149025418391601,5.647965439214655,7.21780936429705,8.99778076243473
2020-03-08,2020,10,2.071362141283887,4.215907860451526,2.078888726564815,7.195774297699166,14.354962662786871,12.070536860208767,1.691716912134548,5.638404675919733,2.304372493007696,4.085033684313661,5.20732330697629,6.752290853706283,8.333432785324245
2020-03-15,2020,11,1.7320924933562059,4.214218795163796,1.9058866230329374,6.784432939615392,11.818591436596474,11.411992158574888,1.4322411286719985,5.681116594472776,3.0570062832439775,4.306912402526621,5.5310964491851395,6.790496629789249,7.47217063611081
2020-03-22,2020,12,2.4253616666214923,4.013587646559709,2.2544472927367134,7.529382158106413,17.116406954687342,12.060592616825613,2.0035953599550913,5.545457895350843,2.651311551581777,3.842686216028916,5.89766651559143,7.1004637324487945,9.216992011209197
2020-03-29,2020,13,2.3969446627090525,4.290530542551556,1.9027863734320234,7.571963191496967,15.757955166448303,15.849862645155765,2.53139944532583,5.613072023670714,3.106811935811539,4.914117507042128,5.5884044141937155,6.534752984024687,9.89204904924184
2020-04-05,,,,,,,,,,,,,,,
2020-04-12,2020,15,2.247911030764914,4.571468321034054,2.3660649447322175,7.210577041304254,16.475386821811814,13.208906378361538,2.2036690624054867,5.689199670449169,3.0423051075943577,4.4103852877402465,5.628762305996289,6.89084375879352,9.033495076743634
2020-04-19,2020,16,2.1804321135635467,4.4669711896328,2.505757548662718,6.36631002519739,17.1593016580941,14.153042407106726,2.2976856157043626,5.483014665763521,3.053148170249695,5.102545387325253,6.18366748503133,7.027805372675286,9.228984441881074
2020-04-26,2020,17,2.414130278331982,4.522555130812039,2.2781158125621195,9.159314075265364,18.34539074849422,16.42182026353182,2.4679491778165104,5.560228102165379,2.7958339724678316,4.265830296918101,5.799188678170799,7.032197748745513,10.394737364778234
2020-05-03,2020,18,2.4199334314053256,4.395637492493036,2.2340670971845054,7.82672514388723,16.43823991678546,15.586019495242358,2.1698257130738003,6.066178369841282,2.763285624894736,4.7772835659723265,6.381810322603465,7.423681211894684,9.477762477906891
2020-05-10,2020,19,2.3336539214018766,4.307459403227026,2.322364370809749,7.411821594561868,14.497550303361445,13.549123153178805,1.9218338925497167,5.945880825611655,2.9144296555616633,5.523426212325138,5.75273806486282,7.247299989709848,8.189777285566553
2020-05-17,2020,20,2.5278572148052056,4.615557029856856,2.4815282429042136,9.216413580728002,18.51529065902624,14.76660090610474,2.4158606216523797,5.814618637952909,2.97971263987386,4.797879906588228,5.921573416489673,7.019083975938019,10.27740363695472
2020-05-24,2020,21,2.505574687994341,4.550526571712718,2.4677425421961963,8.880133011172184,15.713412027851192,17.563883574170145,2.7432319323156267,5.845546293774883,2.9756860109756302,5.82327092336521,5.8998033183253105,6.829319799151214,11.936076021844015
2020-05-31,2020,22,2.394627236479539,4.224144181589903,2.2998672057274345,8.077408435095435,21.554548619484333,16.75693052332095,2.5219064154264994,5.506094801604281,2.8082078470629,5.612182362572567,5.817771577687556,7.31613901582008,10.988009340373766
2020-06-07,2020,23,2.2534666182120673,4.580709831489069,2.0992871467948637,7.60410523078328,19.419274311209353,13.942442202463555,2.2644726043952383,5.929140164821279,2.80294905545895,5.777056427395498,6.018066940245801,7.491241956210092,9.710807949029721
2020-06-14,,,,,,,,,,,,,,,
2020-06-21,2020,25,2.482816635297106,4.286347591241123,2.5374785217415603,8.678270440328031,21.549421291675,19.821391546994086,2.5209791455387873,5.6928459051163465,3.157358372496253,5.948589471513922,5.7087080361900595,7.40792221527556,11.447009221144828
2020-06-28,2020,26,2.4570372461030052,4.515331528920876,2.558319870091032,8.570212049168266,22.71247023986271,18.657832308939867,2.6516801217689463,5.62843169338868,2.7458971465267688,5.581162084456611,5.8050059239727085,7.185358771949511,11.22176491905133
2020-07-05,2020,27,2.2311852812887385,4.601960648579851,2.622824934417518,7.55903218430594,19.387444615429104,17.446848916915844,2.3225464386211003,6.161703485552207,3.4734165648602247,5.578075159784065,4.904653861208016,,10.378608060287045
2020-07-12,2020,28,2.0638220075899034,4.093417981106065,2.0351780188417794,5.82852118380704,26.507247567341565,15.189539853604243,3.1452386011141638,6.434520575159595,2.9704092887441216,5.521395208971855,6.997308410257097,7.252872811342752,12.433932599041675
2020-07-19,2020,29,2.1424955751303645,4.679600506132394,3.0527635713431946,8.742776121050888,29.972528848211347,22.192360891622222,3.37581458491227,6.685698799876473,3.872292432132233,5.223098780885126,7.049008895872488,7.124384833155501,14.137724798583571
2020-07-26,2020,30,2.407895004193196,4.592883604122689,3.5043918626502975,13.114163915182127,26.04769159162245,20.764517841213753,2.9717946318832635,6.0121706708650935,4.14804105417848,5.781052623221552,6.5879162132312175,7.56076412388353,12.346669257550067
2020-08-02,2020,31,2.156414408011262,4.598457481046121,3.6012524768360357,10.788312227270003,23.377023279906894,19.41623307013888,2.5908764353874933,6.59451875074951,3.89741458316165,6.193488663292468,5.987482715183744,7.368637632342566,11.14180216189314
2020-08-09,2020,32,2.7205272430743475,4.702736853228227,3.583791435220961,14.75741442033925,28.94630870292196,20.271370777061808,3.5843295607700916,6.130507013182278,3.9325766990355993,5.847826502304283,7.35657045410064,7.520410110855543,14.889487587047094
2020-08-16,2020,33,2.702500708304552,4.873133044997978,3.3987239953184916,19.47858477853626,32.81704132718488,22.92707532502814,3.9059337166342187,6.428955375562996,3.8892676061917526,6.325905312477854,6.709955067299015,7.836865144761812,16.215643486660355
2020-08-23,2020,34,2.5466661659456435,4.346470602600688,3.808458682878967,16.42953975629145,30.96760320162505,20.830540846736277,3.2576976076083426,6.61012476257356,3.9055630387504747,6.126850433007042,7.399470533634907,7.335824469770136,14.397876194809667
2020-08-30,2020,35,2.476179889240757,5.437024638284803,3.4498875906955297,14.266156254178892,25.98457788447332,18.18144487548545,3.3741047108230844,6.777545691330472,3.8229946174031038,5.7560689950241635,7.97975301549699,6.914472076773693,12.711834487713574
2020-09-06,2020,36,2.677146113280901,5.176007264315611,3.579370740309579,18.749739752652527,33.34371026785742,22.830595356644917,3.501992994422454,6.3835938683510784,3.9699482608981937,6.276918981004453,7.242368947118965,6.814771766156491,16.351578460026193
2020-09-13,2020,37,2.2862669894123764,4.800975111502109,3.4259790648597956,23.064158604865924,38.261510926336584,28.839073912792237,4.4610801805315035,6.6192439525762214,3.6994306884396453,5.893931811467808,7.371843759716279,7.9578484740918345,17.74523973980785
2020-09-20,2020,38,2.403300719669165,4.885545094147264,4.058278762582265,19.854812201326943,35.27124216505449,25.01907989587051,4.296961744298546,6.161577613483333,4.127661017960826,6.567016718888809,7.843153844179099,7.175494924104648,16.44399984606795
2020-09-27,2020,39,3.0408352611009444,5.232157892497726,3.9089353368146207,17.023670022897775,30.872267213606722,23.199404282987857,3.5620384732753956,6.97016552646313,4.2214069412249895,5.633443783410192,7.815143056822202,8.486498167286452,13.600309567532198
2020-10-04,2020,40,3.07883778500209,5.187569955953283,4.059185136025157,25.06997084799633,35.09757823963742,26.130246759564244,4.474491824333141,6.546176224570458,4.170847677239839,6.930760340198071,7.5395230878687025,8.262065207424303,19.401170404029063
2020-10-11,2020,41,2.9508490105334118,5.205370161650104,4.26366641677908,27.60093668108983,48.843599227352804,30.039382591319875,5.081377925703285,6.741030263039001,3.995575439480927,6.853311799829213,7.611092238226578,9.425571861141206,22.475714741841447
2020-10-18,2020,42,3.073517229801102,5.150002237982748,3.889660139417117,25.077646400033593,40.67746552658533,27.89022742401063,4.779593583156613,6.564416903697173,4.085874335049276,6.5706388569795315,6.429334175962336,8.38528073783567,20.22388741985316
2020-10-25,2020,43,3.171597627459472,5.100315401940549,4.128133812764282,21.058120119606507,37.59127577178656,23.858914328280655,4.2701165168693365,6.692284703293871,3.8031159727046657,6.8939755100627265,8.935195730519453,8.852948881672074,18.068900884842908
2020-11-01,2020,44,2.788178859414119,5.298467588199872,4.7865248999945695,17.830322320032586,52.12834457955937,31.944740031173488,3.8523748577482597,6.398252006561876,3.8065237790677955,6.969221238667233,8.660749015426273,8.513170633900861,21.9302251690063
2020-11-08,2020,45,3.6115139815966937,5.614858423415228,4.484623042262509,26.70579204684621,44.332798427315716,35.51232287096389,5.725647085065294,5.874130579882277,4.5023539890313655,6.525271163699831,10.313837336544248,8.183161025692456,25.503470646234586
2020-11-15,2020,46,3.3578431235395776,5.388942388616636,4.150276815578201,23.878380843166628,44.76086734968282,32.23152963805388,5.074954442983642,6.6678042286957995,4.02141513583377,7.2938525499571005,9.423386240750087,8.89972190933601,23.657990280908493
2020-11-22,2020,47,3.1420835620418512,5.337132021602038,4.148089948933687,21.80912820771275,43.05604225187159,27.57093504687314,4.491163318985746,6.9962490025290105,4.366871465515624,6.7566930233040985,9.445527492808422,8.479659748164869,20.097478244185996
2020-11-29,2020,48,3.525561385214745,5.697835876913909,3.9243553463474097,30.821579058330457,45.258413892688424,36.22800268562394,5.643474745745609,6.731587964095118,4.002214035198258,7.21149846768463,9.192414713472672,8.432367019509563,21.651177419764817
2020-12-06,2020,49,3.393044637838439,5.759045342476953,4.427913665907251,35.86397536957165,62.01836349014207,41.61227066994037,6.5703974288283735,6.645414892769206,4.343049955955374,6.779816336786257,9.33074958944123,7.820262515577973,21.074076555403003
2020-12-13,2020,50,3.3424172171395687,5.064007363554274,4.285955725920895,31.016998929065377,52.27292516942823,36.495522198517456,5.627635097513814,6.970810072630732,4.248858878223263,7.182507901720972,8.895998279160066,8.346871581607028,24.708289839543223
2020-12-20,2020,51,3.2262934263997205,5.881074580697232,4.048453496605756,27.175792498806786,48.51185219735537,32.84250802487395,5.194762333367208,7.174361941893456,4.015913750359222,7.45276513403987,10.572870045501624,8.39747979602628,25.905925196854255
2020-12-27,2020,52,3.647190912095869,5.3859161058636795,4.294024664770383,32.62152509394734,54.23302974336398,42.484462947863385,5.8257222580002,6.885893984280595,4.4092829386420656,7.609678281714164,9.04439142173925,8.459933676109443,27.25404896092582
2021-01-03,2020,53,3.150963074752525,5.149852529086443,4.1146255121741735,40.78259010902061,73.49946493750205,45.59544132069832,7.192150757162435,7.115084343046625,4.553360119365579,7.214627914460429,10.02606355631718,9.192712648935231,27.896544489347445
2021-01-10,2021,1,4.0548596162562545,5.322059004171808,4.047354225977889,36.61200473911725,61.37913088532805,44.10774382615559,6.673908737461758,7.507512497791498,4.211648626942739,6.520278437846527,11.40244467889743,9.110815596668058,29.391797840446927
2021-01-17,2021,2,4.124805087402092,6.367937027523254,4.401196878899828,32.33786781783511,58.502308433340346,38.111918864278366,5.723214475059796,7.012678335063731,4.49138333774311,8.248463107019258,10.361027280453873,8.72060332592927,30.156466793980968
2021-01-24,2021,3,3.627180687310144,5.761709673916355,4.02944662843294,32.46759222967008,74.80470991147115,37.56352313922214,7.004785340248941,7.2063411430774655,4.2865176262890605,7.651623180451076,11.114573032600177,7.596398777232095,30.042173795595705
2021-01-31,2021,4,4.005928089407642,6.449898457609564,4.588672330306009,41.45870127189819,79.67010164335689,51.02356072586,8.233410257776747,6.577985420866428,3.999732235855499,7.20815432617204,10.150306705834138,10.008821139869614,30.442800977562207
2021-02-07,2021,5,3.562351760956089,6.588818866794645,4.06542431315034,38.70465077106184,70.17825299482847,50.11442174161622,7.905803191801047,7.562599458921607,4.19210511092365,7.320745089265338,11.612305417682771,10.753902975839248,30.50563874972098
2021-02-14,2021,6,3.904391653981345,6.078747581637195,4.788935553205473,31.87446907399657,62.46468572278071,43.156629395493425,6.746857310191938,7.4509117364167725,5.333057997891878,7.960070328852273,10.41062631463919,9.666152576375811,29.894119435953584
2021-02-21,2021,7,4.7151402718997595,6.571190122250794,3.870040740311983,36.67656716609445,86.75748536756659,49.108385707311356,7.1282369942514014,7.373534169185991,5.2536154186576,7.960070328852273,10.457635253938358,9.666152576375811,29.62982171050809
2021-02-28,2021,8,4.943422425187279,5.098157995337472,5.797967562086023,54.95600582433976,109.30264399177427,54.98332419711431,9.459379914152624,7.941321105891997,4.381524412499895,7.108222359289721,11.232004131993111,9.666152576375811,28.54970444164585
2021-03-07,2021,9,4.36134494053483,7.647236992334449,5.287099227736472,45.80445893382205,91.25481064706798,52.327397173601966,7.977771885847531,7.883631807131047,5.455502739875946,8.2098921304459,11.59774674459564,9.304930419417168,28.0191395557653
2021-03-14,2021,10,4.514855969415749,8.226351793178464,5.05707489049476,41.878701440973636,78.85764525955659,48.11432985179766,8.083047322524529,6.488018843716732,4.416026960893321,8.03361620272846,11.5531409061433,11.252564965893193,27.120775585949932
2021-03-21,2021,11,5.144510841282778,8.160015998683013,5.4751668500355395,49.17825407699302,107.73879368613356,49.11696281198583,9.774433748039613,8.853265593632665,6.527412158947418,7.674098082324786,11.35389820634279,10.242640795308798,26.5050248299741
2021-03-28,2021,12,4.462982449248263,8.024066080130613,4.709255245964269,63.11487769037279,116.4480792407687,63.45906611079847,10.907019927721445,10.233935508653484,7.912222913833243,10.313182829359485,11.254660954432113,10.144364893764632,25.949340653044693
2021-04-04,2021,13,4.699190205394544,7.581682759578352,6.4062250915806604,56.77537044783924,101.07003644108389,56.25353016486524,9.853973972657123,9.24954445813361,7.602819578981603,9.38129682294389,12.575250462263842,10.125717248196999,23.654969174474306
2021-04-11,2021,14,5.224413421573235,7.868057598531066,6.396831826584418,46.44117572146692,89.11927235103329,47.51370911328014,8.936446408765532,9.354954137573035,7.328330688606781,9.423590644956288,11.171238273046455,8.859325093510083,23.198369455791273
2021-04-18,2021,15,5.057521530534379,8.004526569424607,6.104888678238518,62.06237433720791,112.76269588665333,60.346714440892995,9.41429905227955,9.538423740004314,7.223939726135562,9.248661540597578,12.349025466903885,10.922149847662743,21.385374248123696
2021-04-25,2021,16,4.839850194247662,7.743312584569049,6.206734849410072,74.06837253616916,146.77127846068663,74.87167201199028,11.180028331829844,9.330465078661689,6.6663663169089755,8.98689625612296,11.34285971558291,11.719509393033206,22.096677698634554
2021-05-02,2021,17,4.880958558038927,8.275242949405909,6.362505859701467,65.52203493731311,128.58830336006295,66.52613345753574,10.173594007887274,9.167790388198965,6.771265208549344,9.181665409624328,12.045315791297037,10.43700669620444,23.496111358399347
2021-05-09,2021,18,5.065732979414203,7.467164457550546,5.8003872166212584,60.04947772400152,113.02354449320642,55.860023804839926,9.116258509584828,9.037665371705398,6.657765199758584,9.025454019271702,12.206010954753179,12.256373224154839,25.39074698491787
2021-05-16,2021,19,4.71182095145486,8.960478738716809,6.728271728879446,76.05426929035713,111.15989240868548,78.41366614733403,10.695118803046924,9.029215806598145,6.275594865347275,8.497839870961103,12.451786606781633,11.486460081088408,24.586083563443545
2021-05-23,2021,20,4.566298131158466,8.185160667994703,6.357986968964396,75.75533840416306,151.16583455320833,89.25246951222056,13.18208916366312,9.145340441606788,7.2340763826386,9.208957042432733,13.103635373596772,11.393082456085542,25.474196071933406
2021-05-30,2021,21,4.789817754044102,8.75035786267904,5.778412587470635,70.15808912856971,134.96054764817265,78.95066433282662,11.511354674973576,9.121607072265865,7.550830250968561,8.76845550698645,11.791597013287497,12.977777570769199,29.131590480073548
2021-06-06,2021,22,5.276238282387799,8.305744803225359,6.533839113195128,63.49832458879142,116.09842675332844,71.20473539354431,10.649235102479087,9.929281568976492,7.080169817128915,9.607289525881594,12.728072594604814,12.68303104604374,29.753232063095112
2021-06-13,2021,23,5.06198061259838,6.858830019091024,6.000683718193776,53.855191729052365,159.47435605409387,87.81403455769926,12.52794895958998,9.607757605942753,7.381423047772184,9.773387095661857,12.728072594604814,12.08793862507943,29.740477045797935
2021-06-20,2021,24,5.01511577882402,10.206416709022761,7.075878420982697,80.78062566863112,202.57141731310648,99.45202410407259,13.724057008459447,10.107447474184761,7.734499162102024,9.486265624289869,13.843403287202365,10.794346288759536,32.643300128785995
2021-06-27,2021,25,4.828599614666126,8.928909572546859,6.3694848503487895,67.72640162991935,176.7863124691048,88.58937915547973,12.602634811109665,8.936863499207766,7.2220950534293475,9.443147422911245,13.033263002667056,14.149898910731245,33.038296502606414
2021-07-04,2021,26,4.683604553979399,11.322927709593069,7.18785526844826,65.13980503317457,161.0621653601713,79.79991703044311,10.78272669157409,8.654598074218978,7.260024829903622,9.337269797495154,13.366294576606965,13.198568104127316,33.840737395102636
2021-07-11,2021,27,5.970043061142918,10.469193494710053,6.529095413465497,88.08272115346558,168.82209179642422,105.35065477808058,14.590434384231678,9.946335101468266,8.336599806666023,9.616280588500162,12.034709272868371,14.555483229437776,34.154235985051734
2021-07-18,2021,28,6.249426116211558,10.100305031133743,6.995168240827262,86.63848714089647,228.99049012597797,108.80643429290733,15.856741286752124,10.74300460353111,8.242945910045037,8.48182161474107,13.525774213520405,13.804660594907952,33.73014295554639
2021-07-25,2021,29,5.623810291064444,12.822318177703462,6.5644127884178864,75.16109750831782,204.68675601856594,97.93061643389035,14.645792276408844,10.950829930724074,7.828738235678018,10.774433784890904,14.231103871506079,13.933397048200588,34.712309817476886
2021-08-01,2021,30,5.363723002720825,11.121807233094177,6.300291060654268,72.14550501340473,181.22184084961114,90.12013810969981,12.507854118466174,10.54990903151603,7.152297315973805,9.577160794618841,12.539992564174975,13.802786756408556,33.45919629994788
2021-08-08,2021,31,6.011549555955126,11.49951753230266,7.533282830658642,76.18130827293754,188.65287913929816,105.2505117369443,17.129543377708437,10.39165919049811,8.40581291466135,10.426636446817252,14.722535085175853,12.297870583439373,33.302532873428085
2021-08-15,2021,32,5.208190667126618,12.353887159602678,7.315457431872728,96.66883096473939,238.34645878680334,125.54136268968375,17.861221015545187,10.702628552238487,8.467615907394466,11.994849817069587,13.385648082937916,13.437472437081873,33.45068333181591
2021-08-22,2021,33,5.70825610091214,11.93608794003713,7.293685494267076,84.18831346916666,210.60936534404067,103.66141706524635,15.41862522496428,9.836271050826992,8.123956733301867,10.933217714480552,15.319669224216835,14.723179617384677,32.066211019341296
2021-08-29,2021,34,6.3262263736497655,11.735743860451153,7.280504192341556,74.65298515838012,187.865198622791,110.31079631340513,15.544695855929206,10.89092086429076,7.469400141595707,10.952741234534031,15.623309174913224,14.302030265404385,30.54073871234636
2021-09-05,2021,35,6.523663934591906,12.551920531063521,7.033488600381926,103.52181651027871,240.29402873043037,100.96480348021053,17.470068692798968,10.684467919680758,8.19443130375417,10.118683417712925,15.307403048132205,13.208910676566104,29.716074698996035
2021-09-12,2021,36,6.46936609911616,11.850599251218577,7.258738784524886,116.47021209141404,283.84214816129736,145.58220272858193,20.446377655834663,9.804403799399578,8.153130125609243,9.472069219545064,15.796124808611554,15.601021348063107,29.72062895536027
2021-09-19,2021,37,6.548464866334829,,7.2124867290919745,96.2075079610805,241.34912740249672,126.38579582978593,17.3580830134978,10.686823331848997,8.909954659908811,10.511672799479856,,15.244724359363328,28.627174837057993
2021-09-26,2021,38,6.136072177413465,12.950812315654646,6.930094412491435,74.36118437807782,198.98553322859425,121.1228467074145,18.089162726350953,10.588287976591365,7.589550880062288,12.042764231706258,14.57862581783268,17.785865265442197,26.43307927883458
2021-10-03,2021,39,6.776796088524037,12.012869068992778,7.4795915030684315,111.54177656711673,298.43288456402854,137.33797735241052,20.33104159233355,10.81343481920907,8.680615405333791,11.672867792533204,15.383291011907582,16.192222500373042,26.251663385854787
2021-10-10,2021,40,6.451605655972107,12.701359998824252,7.869323493588446,136.08238095646868,278.6134119269209,158.27816018143795,22.57033247241166,10.232607409397486,8.628985927528058,11.393144709673466,14.408011264169948,15.83102888166095,27.50070899487735
2021-10-17,2021,41,6.2494112883913004,12.834758021241822,8.254085285061386,125.70716876939613,245.72188337186142,148.1781020169564,19.784731367847524,11.340379569548462,8.714410266567265,11.111112888626035,15.814512214582185,14.725059843728664,27.242449328440987
2021-10-24,2021,42,6.095574173796038,11.909691499740681,7.429021656839476,113.57425736906828,258.50270916987824,128.57669260521098,18.010330710194093,11.040415444220315,8.438133468085807,10.681417206479257,15.306529429676226,15.380007969886599,27.595327231652732
2021-10-31,2021,43,6.374081816428548,11.321056838584244,7.662447835734907,135.23328402502844,257.05508835360746,143.6137448219587,21.333233412599203,10.885033176210012,8.826065484339344,12.295509724903987,15.185182163704132,15.860248839044253,27.89563671739007
2021-11-07,2021,44,5.933322873921384,12.08790863898057,8.003615292589917,154.6340423988061,349.6286867953704,166.43543238702762,25.242633265647743,10.605315009074275,8.821226634587605,11.93502314519928,15.257931245569443,16.624331761423875,30.73103610509337
2021-11-14,2021,45,6.033284840905458,11.994414328972312,6.554527163060489,138.4149183533414,302.0817372413194,147.19981930364816,22.904137189557044,12.833829411147352,8.123143222308943,12.613009141060315,14.330117497389121,18.06346161758062,31.15385911117019
2021-11-21,2021,46,5.522254599834949,12.166700449809214,9.791408190912943,120.72369817020923,255.7581249704428,141.68413498575958,21.090130715341672,11.015538376133104,9.356527470490033,13.203065091139967,12.875453704861505,15.799731968518794,32.48090218959489
2021-11-28,2021,47,5.8073876993065205,13.249744174629537,,136.52453119217532,348.91899105773626,147.33200148341288,25.077811500551952,12.47643205462182,9.310663609173309,12.447920374152556,16.623520054060172,16.038733900600633,34.334730189799814
2021-12-05,2021,48,7.9439341771481295,12.744740849526345,9.216572593713142,131.62491364686878,421.15291133851713,187.28652314278398,27.734642679423608,11.935973505198552,10.454487236997165,12.918040341160976,13.828479256966174,16.659339675882478,34.87815531386959
2021-12-12,2021,49,7.119102855411969,10.96570296821807,8.779551824357549,127.9912558131269,373.1377787205313,171.8610147729012,25.48746698227669,11.96063446711744,9.754870360836243,12.763465654509012,20.253719666576583,16.248855397611095,35.49476541910131
2021-12-19,2021,50,6.695123940396495,14.753466429606915,8.225982532311821,125.08251308504607,304.80856532835594,143.3969450664569,22.875417965272664,10.826664448771181,9.998539096412326,12.02258294791003,18.20079080451008,15.369791479069823,36.398182295276904
2021-12-26,2021,51,7.060067590954085,13.692655535731964,9.360042609015611,129.43073095958587,453.7864984904138,207.7017870923138,24.98366819742852,13.115967679648966,10.19793462899397,12.367115116324742,16.677175992328916,18.010036805087967,36.01465571761803
2022-01-02,2021,52,8.1343660760471,15.443493936356397,8.217985010156895,183.0374532887353,430.278665193438,209.28849092226173,27.795305771536782,15.629217025348407,9.666420657016506,11.073019883249323,17.120300070405502,18.288193238952157,38.340197309125685
2022-01-09,2022,1,7.549771334149899,13.749945046166923,10.327691944578218,164.1829267159555,416.14021172534694,208.97207585409515,25.568291359055017,13.482728253697182,9.962243720806743,13.249997918741157,16.856993927949567,17.307076049522433,36.91739746087935
2022-01-16,2022,2,7.340270954790747,15.357806300737138,9.846610515668333,138.31950764557595,361.3835883940938,185.88303258322637,22.381800023457448,12.104813138924357,9.736215454100009,13.432022101797278,23.032139672124988,18.573439624690042,35.680422562601215
2022-01-23,2022,3,7.291616706169219,16.187452216081617,9.930696061803943,195.00066872630745,470.51790101617405,229.08953591862212,28.88303136537226,15.06142578243427,9.78349551100245,11.52629864023143,20.856614463115914,16.90330833222458,36.16764063759097
2022-01-30,2022,4,7.029627614044397,15.163654815380484,9.557138271915802,201.02065335584692,490.72683310901266,237.06586664748514,34.468437822273586,15.457103270544193,9.470731579551384,14.048351394164003,19.877739148895575,17.518484902902767,35.8414132336103
2022-02-06,2022,5,7.076144492413616,14.220831818320043,9.87097648294466,191.68466928597152,494.15012529690694,211.54505368194492,30.271183397444887,14.813006558377673,9.707302759239715,13.852646341665265,22.802777429636123,16.45565614619786,34.867946852292434
2022-02-13,2022,6,7.340247404404049,14.479843108118098,10.793130965787805,165.90174174091376,450.6075550686755,189.41463459495083,27.321208055076497,14.78005335815474,9.864160035768652,12.780248197904749,22.30002686578123,18.104820916870395,34.276205379810406
2022-02-20,2022,7,7.377828572241013,14.599066874021284,10.082354674050029,193.03718421099958,494.86133098836467,211.77820247021685,31.514934652055725,15.699687425183184,10.489485463064392,13.823060190303876,22.325663568858293,17.490113255615892,33.35565412409862
2022-02-27,2022,8,7.953857662617267,14.641429762104915,10.029320988663425,198.1660449358095,593.3435647484853,246.32025023385097,37.371492148864,15.830328331275197,9.678248121533663,16.366312627419088,22.689113206134994,17.197021462457133,32.32679988782234
2022-03-06,2022,9,8.718668744882812,15.420294838522038,11.858413977980927,183.45110743204947,519.3984815994465,230.63259332974727,31.795022816462833,14.615521307008462,11.077987893086899,14.555556335747962,23.20442002428186,16.022121240266983,30.127283348020477
2022-03-13,2022,10,7.785896164423991,14.743547873918525,10.006068066166545,170.94782009939732,478.49714082283685,193.5631786476225,32.033284138666836,14.54058579399099,10.188591070316823,16.12772292542116,23.29231387321236,18.824305238868515,30.215968914354047
2022-03-20,2022,11,7.8739126518001505,14.80020683295497,11.760280715829309,204.94684917926523,561.7812411508492,258.30503018260754,35.110836842177264,16.028452548120068,9.450895186667818,14.571818953356836,23.243643649951714,18.05870544358869,29.355133899326805
2022-03-27,2022,12,7.267273921926853,15.961882559512965,11.490463880119558,239.91632040077698,614.5892823259694,325.7841174688653,46.56148277129164,16.314553283923885,10.2025509455829,17.500105626247798,21.69646457484118,18.03183244935627,30.615797633716287
2022-04-03,2022,13,7.975467143662776,16.870092083073004,12.327247848186369,212.33586706861595,601.3167477518858,270.95385432812765,39.03263331936968,15.658857033171651,11.139757402119587,18.10414699737024,23.252920434384606,19.450613347477667,30.523009186825078
2022-04-10,2022,14,6.813790059091661,15.652865935476703,10.48174710041713,185.01768739119052,524.6861307949551,251.84649521891882,34.868162808306074,15.8403013601697,10.977047513833108,18.116264893074824,25.370735831773693,17.873253374908266,29.84872689645466
2022-04-17,2022,15,9.161327451672605,15.540776253092194,12.393351102207786,238.5985149833967,563.8466219000981,301.84349060700345,42.4013756754711,16.130383595368713,10.977047513833108,16.10643278751173,22.328616774723955,19.804741046324448,31.899781330302122
2022-04-24,2022,16,9.125337263009555,16.429184520574882,13.017157792276207,229.25509022341814,702.5923818660261,409.1767980482325,53.7521025483587,16.271172221654787,10.661961941215278,16.74192030316569,24.9614279862152,17.721043926129912,34.10732599356743
2022-05-01,2022,17,9.116728464486597,16.0473857413704,12.756239315143384,253.70487989030036,629.9946315204505,360.9119753649991,48.04074633819503,14.950214927645197,11.221747407017915,17.655933862034026,22.678140517973926,21.6072387073543,33.730276713718794
2022-05-08,2022,18,9.254818448404887,16.816525753732996,12.242987014248106,202.8025692261479,559.3807171845248,338.73280995484845,43.11736538185745,13.603099334585128,10.302372066170115,17.92688280787365,26.868401439646174,19.929809487897657,35.34153525130847
2022-05-15,2022,19,8.965981363942293,15.759808224374707,14.13455604551098,301.35865350849775,705.8786613926599,346.74270882452294,49.33167486903215,16.88708444287985,11.809018909030044,16.195510416479173,27.22452785251687,18.6906436706196,35.946448546553135
2022-05-22,2022,20,8.737455605586568,15.264425266496438,14.214408895920966,369.2562599350477,766.5506236310766,426.47789188370956,53.4212925069538,15.81975832231025,10.867850243677472,16.86876561043493,23.35405264549074,18.435370526931433,37.64628430603412
2022-05-29,2022,21,8.902858620004432,15.486464018712184,13.400947668103164,350.1897379088025,707.6956183666993,384.4402011718377,48.4857092626282,17.85535559301045,11.178022721411727,18.982003663494954,25.968145981285115,22.12539264168606,38.86551300127875
2022-06-05,2022,22,9.215822364442673,16.39849345996756,13.446329473034334,307.37226337429735,640.1538987605323,334.37914397628276,41.9628713491456,17.380566367457114,10.983422450711872,17.47333338582945,25.535503774249943,21.858516101481346,38.9918627426178
2022-06-12,2022,23,8.748114263353315,15.798606538987459,13.130737237326759,359.8033034384288,641.7630302886289,372.43258618646024,55.84397770810736,16.896630473061123,11.894966743296175,18.314448093174438,28.826569981592414,23.656722702035044,38.931908514445055
2022-06-19,2022,24,7.797174533921922,14.937772538845792,13.25528843791954,371.3469418408618,908.9300797907675,489.6588922653056,66.89438976210897,17.451163095191564,10.508059095395,17.783917051336022,31.226294493599067,22.128405054031603,39.7697244808353
2022-06-26,2022,25,9.48893711229406,17.766519868017426,13.601977394137961,315.8609835951878,764.7785221638361,421.8877035459256,60.54395808767983,15.883513908220717,11.758298788341222,18.1963278893604,27.5863544953269,21.26958704353167,38.9606072049784
2022-07-03,2022,26,9.905563622744458,17.370416770598332,12.70892038317054,330.5232300161823,661.1500799510771,389.7026529346433,53.43307969267498,17.3594814036825,11.220452329370302,19.19266709267662,27.561092294182068,20.25814993286706,38.85209956113333
2022-07-10,2022,27,9.011071620746582,14.425641596020132,13.533848880064573,370.7740716556079,800.2006956319973,464.662729571258,64.66260210599373,17.453822695946165,11.020172255055765,18.58104247141914,25.70422765156924,25.443707736157542,39.035274848935664
2022-07-17,2022,28,9.364086981507139,20.637971093329377,13.98247277228641,493.2671472255696,928.8247666541141,521.2712186379523,73.20183279439044,18.955122084808718,10.35331143526479,19.067244228857724,32.065649670188115,24.610467514206917,38.128710054469536
2022-07-24,2022,29,10.118292129538858,18.11821491247495,13.851402449489695,425.64468494396533,978.3679457868815,457.95095959109807,67.87881957568948,18.79124074888185,11.962206049344553,,29.583785941977858,23.944787192928622,37.832210507568995
2022-07-31,2022,30,10.006945262984564,23.987969251418754,14.858581146509367,333.47551655967266,896.9559833713736,442.8858015818699,57.53134155430002,15.790127039125016,13.846255675199233,18.165893966319167,25.664620313725038,23.5840264206462,36.82899031118689
2022-08-07,2022,31,10.068074875524696,22.2373440856792,14.121748185484696,500.2116496871556,955.6882554481036,513.4291832994298,72.89037534973417,22.100945891208816,13.09766998557247,18.9652570690311,32.53542890515029,23.11148662243116,35.34596869528949
2022-08-14,2022,32,9.421626478162041,22.63427076878447,15.662434753909247,556.6923693967575,994.0625637511099,506.08373589336884,88.98956935745925,17.126927047807428,12.466762177566858,17.60608904296844,36.543431898797444,19.945072186475635,33.71688102556217
2022-08-21,2022,33,9.727094221087222,22.389211045939366,14.121831621243368,449.1361106013809,920.994805571573,517.9621991310783,74.82344503968335,25.690390553586887,12.096165171029035,21.14042137780029,33.31103865433858,25.00626949490434,35.01043134308048
2022-08-28,2022,34,10.206298824878836,21.4027209474925,13.648613037113927,572.6122701793408,834.4257500450886,454.51401116923125,74.5049713117449,26.198287195064434,13.320951585700875,18.72977124383624,34.35345018482931,26.099569070512963,32.8752962340803
2022-09-04,2022,35,9.584166812101742,20.994454415290146,13.838128365926517,626.4958617720481,939.0680456179384,524.4787148783522,86.49023601930519,26.30166423707841,13.219417941582963,17.70139633771511,32.46854591831201,26.844897672434787,33.1551069928022
2022-09-11,2022,36,10.467396008482902,21.370538084057994,15.250045115152504,758.7622539374104,1127.9311542315459,648.3550160387148,95.80731246872334,27.165604469016557,12.570701134554612,19.954025685238797,32.02497774189034,26.33122607032453,32.729619106837525
2022-09-18,2022,37,10.59659686443176,21.834822481035587,13.229767765869644,698.9843443560419,979.3849594290497,574.5902087131094,88.3912048331559,28.656836299546157,12.180249731577057,22.565905101215556,33.5758169072316,26.1821444902199,34.20136192977148
2022-09-25,2022,38,10.783518024749707,21.636345965052836,15.730771638861444,599.8096609719919,999.4782959964962,510.77804196896193,74.67552986642998,27.345139216522277,12.3466051923456,19.542701377320128,37.246242676919614,25.176049790581963,33.66436450969818
2022-10-02,2022,39,10.887192917944144,21.571029487900834,13.322124422825997,834.6937410568181,803.1468433716808,584.6624014204884,105.24144518363887,26.318794192308417,12.426565779742837,23.176656047820657,30.684263015540406,23.441904378489742,34.84886651624379
2022-10-09,2022,40,10.378880966187113,21.16336818616437,19.34672749202811,990.5449669304007,1204.7193229746495,757.9362323093487,109.27754794893995,28.865136540689107,12.50725322906078,22.837912579434143,44.08402011302152,27.138692011418595,36.23590410348045
2022-10-16,2022,41,10.796912434840898,22.18229584328118,18.440765143280377,850.9335766411141,1027.7742487376756,657.0929066209958,102.60067672705571,27.602359007561347,12.555078027653652,22.250764955174514,45.23178710353518,26.933111591166345,36.70540290963049
2022-10-23,2022,42,10.12671544600667,23.35044032530554,17.878179323674363,757.0946050083963,932.5597970701134,565.665541952744,90.3661730147586,27.440863214821512,,22.0898377839331,43.7914413812196,27.26215662250199,37.876059679906156
2022-10-30,2022,43,10.05344134165632,25.206991137912095,17.124978752037602,953.1520857739865,1324.2349795321204,762.3046110452862,128.2160678913614,25.966918462711327,12.603014666515136,22.355573309742653,43.80155955087396,24.617005825754788,38.893065827170915
2022-11-06,2022,44,10.751930774768141,22.418108948248676,18.64878318008158,971.0640308163927,1091.6527696891599,894.875134114556,126.53498415776491,25.642399587209663,14.375023578811064,22.982240265347468,41.2727400219977,28.581702159461102,39.99468300805116
2022-11-13,2022,45,10.237068420311111,22.12096880237815,17.36768959685532,884.5450598470736,1389.2729643197763,785.2792880991332,113.12918574364835,27.224889222049406,13.659004808547595,22.147856577309042,40.38289040727307,28.37609259174419,40.19201470714705
2022-11-20,2022,46,11.569131144141721,22.846756196242897,16.332016373681483,797.0496489930914,1134.9619487253178,708.1165521416789,96.70126505039879,26.733087301470444,14.597534541644658,22.650254226066096,43.3067777060856,25.778304732113092,40.93680620642631
2022-11-27,2022,47,11.20456956709348,22.558348354680064,17.824010016610682,890.869303065243,1677.1114810417143,788.1359243811892,142.48778600202237,30.042473689347926,14.08261183913526,22.746857298007235,45.87901170483283,33.20595970055702,40.91080452664238
2022-12-04,2022,48,11.151216087013065,21.086890712198365,17.682561498896074,1216.8998006758304,2099.151399468645,1021.5463692119337,141.3485906184678,27.73680120525328,13.25548648344088,22.78354565026269,44.62575660896633,29.942465679015804,41.5263203641224
2022-12-11,2022,49,10.423806090514338,22.758110099697163,19.29488686245893,1079.4117402603688,1805.524679918688,913.8303275502005,123.79352231512722,26.006289258750243,12.664336621264978,22.503675936205894,42.25801937217188,30.285057317058598,41.48699144885678
2022-12-18,2022,50,10.937671776665871,22.469476250047173,19.528543518351917,926.8097086651036,1648.0877774344228,853.8731166255543,109.75483018872437,25.38592079179019,13.519919118297299,22.980358044348673,40.41226546138105,30.789621410593877,40.911709538677776
2022-12-25,2022,51,10.787466819131156,22.176971064310266,18.66389295224787,1094.3217632236542,1771.0456563630696,883.0487879480431,135.97831330335825,29.527950610170272,13.30675328113091,21.977525387055252,43.0496752876993,28.042171815239673,40.64048730042601
2023-01-01,2022,52,9.97828894542067,18.465002576599044,19.85623614126768,1460.9886482081297,2352.8882677185798,888.8318466448123,141.58346110684712,29.771290801850757,13.319915235555047,24.625063747194442,48.59388072993973,34.494298336797534,39.507220987058815
2023-01-08,2023,1,10.730660870938737,26.741191864600538,19.750867515717104,1246.9294968903077,2044.3867568405335,892.7037131632131,137.31433286003298,28.35660281022969,12.422687433400746,22.268564944013864,45.83724240468045,30.758226289936463,39.53032540930839
2023-01-15,2023,2,10.583327824639063,26.938772494790797,17.660303166565775,1190.42534343555,1719.1557381179043,781.4147796435797,125.08189097737237,27.836980938408995,10.933326721420805,21.75184946537912,43.12916631476446,29.464008791446645,38.932299576088674
2023-01-22,2023,3,11.160290044869477,27.703256046349846,21.602102115638257,1096.8191804540163,2382.147905739799,1049.809469122034,121.55051740027183,26.5247207485896,15.433487529158302,19.463071288587926,42.10305687820844,34.818301869848696,37.968734078654215
2023-01-29,2023,4,11.496548314146228,27.085290272889274,20.683780382953326,1575.7220831318896,2706.1640725325283,1189.5628294657408,169.8766810816631,28.406559418986305,16.020294880397778,25.574407259811085,49.47207681110389,35.9341276433789,36.87656260108788
2023-02-05,2023,5,11.033706571552855,27.536544658562253,20.197739303610824,1384.5183948312997,2338.893274615337,1058.549921401931,150.30490209119807,27.05794110508649,15.722534100312851,26.800170772510032,42.90596535428671,32.660641970685376,35.882760447994464
2023-02-12,2023,6,11.18998644741594,25.724839714354633,20.113166379857564,1248.8139942185023,2159.2956254641927,918.2961427480735,133.10933313501926,29.03327635676585,14.942057799363495,26.584059102901833,51.89809358102247,37.61969787302306,34.62093614889962
2023-02-19,2023,7,12.367693377646813,24.584515247717743,19.71003151049867,1377.6638350098776,2695.286673054931,1188.4116796200453,175.06965490643606,30.119987400621937,15.207178076892918,25.64411183572125,49.24462127078794,32.464640785370726,35.344653745566845
2023-02-26,2023,8,11.277955836357227,29.756944337470852,21.71140549434257,1729.1367582681899,2619.178823845855,1329.1714438607128,203.38639482747936,29.584482264835238,16.98237263888958,24.853740021496375,47.571949352268916,28.35310576420054,35.398028852375255
2023-03-05,2023,9,11.22887506298797,28.968192901878034,21.311639407590143,1547.9735091251314,2373.6715055759337,1208.4487844338296,174.55106957861958,29.696883149562886,14.163912265033543,23.827067274449384,51.14313815242049,35.535535392513765,34.42538495379303
2023-03-12,2023,10,10.021256301037292,27.856665278020827,19.178536789459216,1380.8860974654986,2132.005969738635,1032.2038696073207,160.00753359537205,31.559742490091278,15.482376776309238,23.914923599439604,54.11633613260901,45.381842544325394,34.67090778963101
2023-03-19,2023,11,11.877202755402848,28.858245612978035,22.125855984821797,1379.2223066568233,2998.9073459207075,1490.0494478837768,202.87536537319707,31.416693182797218,16.6685266758143,24.772518740834933,49.48477347641353,44.1784241241263,35.32621819025424
2023-03-26,2023,12,13.297562460818034,28.324077881639557,21.500154517574163,1576.925133336356,3187.102410163642,1504.6988432089615,243.8057348472729,28.730098253646876,19.11885700485526,24.558006940441704,45.8895646118388,43.672988105504544,37.10751232249005
2023-04-02,2023,13,12.188008542919988,27.006112341275493,20.151930266255686,1798.0196012734928,3187.4984551840557,1319.7219249373743,211.62057902278698,29.708018518505934,18.209522480020553,25.30391462538437,47.0753064459736,41.85148524056467,38.99814649006578
2023-04-09,2023,14,11.06934503847671,32.17914093575107,19.645892510941476,1417.9723813620594,2771.9702086561465,1153.7817974112306,189.73346131374794,31.941167585419212,17.745396494796267,25.66021355382976,51.08146935899676,39.99101833488794,39.241493299676186
2023-04-16,2023,15,13.482234515333515,28.992939335827487,22.553639635616147,2126.247613277245,3310.316627734892,1594.3695776833702,217.2033745172189,31.937823660888363,17.930217636554254,26.78244008016414,53.19266137960956,35.84350488201339,40.87371126632862
2023-04-23,2023,16,12.496825716972348,31.748485239298432,22.257626766889437,2401.338941620358,3877.609286976759,1734.9340028933964,251.18921370402037,30.861145232910282,17.322291677783976,26.5666480329718,49.4005658973148,45.6719039252323,41.02626957253518
2023-04-30,2023,17,12.582661132671333,30.686624614088252,22.4075458510766,2108.6372198718695,3369.628320564326,1557.8319201262138,226.20555970164665,31.451798378032134,17.54734504454812,25.33914148390522,55.10233387034425,44.90899985185644,41.76177933582906
2023-05-07,2023,18,12.511778493640179,30.17518403079234,21.539372296148596,1886.4893492188885,2895.9339889303383,1362.2559526881817,205.07516576230427,29.34031523685687,17.465459812030947,25.73515563017535,52.93088880604015,45.45837200734483,42.644643220392496
2023-05-14,2023,19,14.023403897230748,29.473644959259456,21.659030551404136,2247.8915992897623,3959.3296215469936,1935.2868957370515,215.93662051259528,29.221627230922326,17.489189997931195,28.534629580710234,54.95057535149119,43.91707267749947,42.90484777375275
2023-05-21,2023,20,13.158400306485452,29.78781531401185,21.98264251283151,2659.2111771702807,4467.260645113785,1982.8653227306615,278.46440002083625,30.23615759021781,16.99929713445294,26.84789231883045,53.95051667355817,47.26488230048123,43.11866317012093
2023-05-28,2023,21,16.06615789898949,28.738758168232508,17.264640757538114,2427.774541857614,3985.6406175405755,1803.894275144418,253.8725483486513,27.089555972765346,18.7402283822107,22.976699488529874,58.1140308306577,44.499909663850474,42.516376881502254
2023-06-04,2023,22,14.612402387216225,31.648820070241182,25.89694678027449,2138.3782722870524,3406.6119339808806,1615.0208781086412,217.8270041317229,30.056651226238582,17.278730208992602,30.58473487865812,53.0879111451348,44.31901970761144,42.69913351851274
2023-06-11,2023,23,13.865128177713624,30.230443055187454,23.926929149619344,2515.310538056285,4763.4447442496285,1741.6822568128193,272.3011262956477,35.0020854334178,17.88458225534462,29.58996994244337,54.03081184606417,47.40673342757189,42.19345439710787
2023-06-18,2023,24,16.499148709042608,32.53330585863494,24.637207859561382,2911.259658999369,4719.187312205506,2093.248273252158,322.8798826080709,35.31371489603051,17.50931337651949,30.43996193471067,57.956992366412315,46.341070756695395,42.05162288371058
2023-06-25,2023,25,14.86719054098131,32.224142251991466,23.80540587830436,2721.191465684173,4984.26082844115,1953.867360404987,304.9322123443035,32.94579129882493,17.899822938791385,28.82625268972716,55.58072813679877,46.79292107018599,40.966666364597344
2023-07-02,2023,26,15.824017977128781,32.63605510288768,22.499846938867787,2403.2774969202787,4330.075557135543,1663.4511494290505,259.0558878551999,31.923943794129737,17.64754266041351,30.741511198698852,56.08933425395552,50.39723360922572,40.38502862129791
2023-07-09,2023,27,14.464126843430945,30.72746229487768,26.78637132251629,2349.565940696703,5027.547643474714,2047.8601492386674,344.98270777588624,33.279139129509105,18.04495852228661,29.938698767290237,59.34763931598227,46.94121711638702,38.45431899718007
2023-07-16,2023,28,15.41638358660253,32.656632150487255,25.124730718644724,3167.62614002123,5470.865790062313,2431.6340796957397,361.03062957003755,34.05272147553234,18.00717616666678,29.083963400875074,53.77809160002029,46.0130083393568,39.16830357275122
2023-07-23,2023,29,16.287749621668002,31.059400187546316,25.677390932901854,2696.580851528322,4519.558945453583,2284.5911300176786,307.97677561285843,36.5357190384697,18.562675912170363,28.81892202190064,53.5762256793601,46.9601837620981,37.47678430504186
2023-07-30,2023,30,14.586900705758524,30.931209820102737,24.26586126046684,2635.030339312897,4613.500590867736,2008.411650147918,286.34650556576213,35.77934039693411,19.136048212864246,32.55578296610192,49.96972628061179,44.71763495086016,38.51033598140102
2023-08-06,2023,31,14.879640078784634,31.801851198637273,26.20387196132622,3106.0765668868703,5880.9824701071175,2209.8894658803383,363.63957513476896,31.291905610552973,18.418278149801594,29.364765892288247,60.04599140333917,49.98852650750965,37.33461295002564
2023-08-13,2023,32,17.154408266141047,32.95595398269811,26.680762501284125,3732.3706213027913,7099.559233296611,2766.670544648146,438.5212973479027,33.22460263589325,18.616351171094514,32.67844417270079,57.82876378269212,50.96642093688117,37.0512765669147
2023-08-20,2023,33,16.307670405106677,29.594320081257774,27.125209032590757,3375.0177681784285,6289.815177599312,2435.7863329994498,381.0750633470725,33.9768725681462,18.800519013703497,33.2503389321325,61.83510348851454,48.86187668398527,37.48661384345218
2023-08-27,2023,34,17.18350388720277,33.69839261106462,27.19111749899443,3002.7341698813602,5487.745932481507,2105.7775632330854,339.0556120409746,32.05105656468851,18.305343017848003,28.418345386976128,61.24587753377025,54.5211325975619,37.91074559630814
2023-09-03,2023,35,15.483039620682167,33.82391015644665,26.439074011505458,3020.4944481287735,6660.041600061519,2769.0676658755324,424.56675125286745,34.9510936974935,18.614276861340464,36.48193267448913,59.43695194339913,50.966333496752014,38.4974822306179
2023-09-10,2023,36,18.737162899715504,37.42630856184173,28.330311721565632,4120.859849868891,8520.04072942279,3240.619147593384,509.1681768828938,37.22465462999054,17.254058397103158,35.20655523678064,63.47100615097014,46.300443646706455,40.06378542118154
2023-09-17,2023,37,17.98245099006315,31.86085548802198,27.320232112821124,3771.031562120624,7585.393200409091,2798.148174504148,447.49047027891555,39.28422237848125,17.667429964527294,35.573237138655045,58.630205436000765,52.05755784644737,40.37973796394464
2023-09-24,2023,38,16.58471093753295,38.763544501884574,24.35774852960676,3389.895640716235,6457.728468227636,2586.0829152799165,392.65574467295767,36.817253600637564,19.677200610579654,34.625515891418495,64.20662100044343,54.72488018083724,41.09346222060648
2023-10-01,2023,39,16.953017594966017,38.39789407514304,28.57200967277064,2723.8651110910178,7556.4882265405095,3288.4850028100327,511.6722935171485,32.19191078633725,16.753113851049964,35.27121468289443,65.1767687281834,49.51784381341884,43.50459143163901
2023-10-08,2023,40,16.384025184390048,36.3791967586206,28.475855323017885,4085.7960439545477,8170.070230728648,3581.4030885191023,577.6183247557624,35.657793944571985,21.64335707506329,37.74674830762715,64.15526431467183,52.724900020048004,43.279417039095975
2023-10-15,2023,41,19.550852561050586,39.85422020835214,28.53830197374312,3745.637240169654,8978.419761966083,3291.5291697656394,525.8910699396895,35.78698658887525,20.80162742045359,34.12890598192353,60.125868315955316,53.22409938521361,44.303488307294174
2023-10-22,2023,42,20.87566375774295,34.523267733827495,25.189699798124735,3175.901797356879,7096.62252202452,2965.2143697320544,467.3893644142591,40.76469679462805,15.995232955492646,28.129218465646893,72.04241795897943,63.90552081906152,43.67121379726035
2023-10-29,2023,43,20.13136971368371,45.3009930815486,24.374508143960014,2911.3773801700454,10642.631583471202,3711.613632675417,637.8948539190608,37.63953870471121,15.995232955492646,42.056868467820436,59.13395122363953,58.99551922254082,45.011119042467044
2023-11-05,2023,44,17.52643640665781,42.74886028392142,28.254071666019048,4348.218601040013,10592.054750689753,4003.0204367142783,640.6271566038032,40.82767635199069,19.676493674143856,40.286517500877274,79.78659094686843,54.45384480055264,44.622562890093675
